symbol,company_name,sector
4280,Kingdom Holding Co.,Financial Services
4001,Abdullah Al Othaim Markets Co.,Consumer Staples Distribution & Retail
4191,Abdullah Saad Mohammed Abo Moati for Bookstores Co.,Consumer Discretionary Distribution & Retail
1820,Abdulmohsen Alhokair Group for Tourism and Development,Consumer Services
2082,ACWA POWER Co.,Utilities
2330,Advanced Petrochemical Co.,Materials
2340,Al Abdullatif Industrial Investment Co.,Consumer Durables & Apparel
8280,Al Alamiya for Cooperative Insurance Co.,Insurance
6020,Al Gassim Investment Holding Co.,Food & Beverages
4007,Al Hammadi Company for Development and Investment,Health Care Equipment & Svc
1214,Al Hassan Ghazi Ibrahim Shaker Co.,Capital Goods
3091,Al Jouf Cement Co.,Materials
3008,Al Kathiri Holding Co.,Materials
4334,AL Maather REIT Fund,REITs
7200,Al Moammar Information Systems Co.,Software & Services
1120,Al Rajhi Bank,Banks
4340,Al Rajhi REIT Fund,REITs
8180,Al Sagr Cooperative Insurance Co.,Insurance
1304,Al Yamamah Steel Industries Co.,Materials
2320,Al-Babtain Power and Telecommunication Co.,Capital Goods
4130,Al-Baha Investment and Development Co.,Financial Services
8170,Al-Etihad Cooperative Insurance Co.,Insurance
6070,Al-Jouf Agricultural Development Co.,Food & Beverages
4141,Al-Omran Industrial Trading Co.,Capital Goods
8230,Al-Rajhi Company for Cooperative Insurance,Insurance
4338,AlAhli REIT Fund 1,REITs
4320,Alandalus Property Co.,Real Estate Mgmt & Dev't
4163,Aldawaa Medical Services Co.,Consumer Staples Distribution & Retail
4200,Aldrees Petroleum and Transport Services Co.,Consumer Discretionary Distribution & Retail
1150,Alinma Bank,Banks
8312,Alinma Tokio Marine Co.,Insurance
4331,AlJazira REIT,REITs
8012,Aljazira Takaful Taawuni Co.,Insurance
4348,Alkhabeer REIT Fund,REITs
4290,Alkhaleej Training and Education Co.,Consumer Services
2081,Alkhorayef Water and Power Technologies Co.,Utilities
8040,Allianz Saudi Fransi Cooperative Insurance Co.,Insurance
8150,Allied Cooperative Insurance Group,Insurance
2280,Almarai Co.,Food & Beverages
1322,Almasane Alkobra Mining Co.,Materials
4162,Almunajem Foods Co.,Consumer Staples Distribution & Retail
2170,Alujain Holding Corp.,Materials
8310,Amana Cooperative Insurance Co.,Insurance
1182,Amlak International for Real Estate Finance Co.,Financial Services
4061,Anaam International Holding Group,Consumer Staples Distribution & Retail
1080,Arab National Bank,Banks
7201,Arab Sea Information System Co.,Software & Services
8160,Arabia Insurance Cooperative Co.,Insurance
3010,Arabian Cement Co.,Materials
4321,Arabian Centres Co.,Real Estate Mgmt & Dev't
4071,Arabian Contracting Services Co.,Media and Entertainment
7202,Arabian Internet and Communications Services Co.,Software & Services
2200,Arabian Pipes Co.,Materials
8070,Arabian Shield Cooperative Insurance Co.,Insurance
4150,Arriyadh Development Co.,Real Estate Mgmt & Dev't
4080,"Aseer Trading, Tourism and Manufacturing Co.",Food & Beverages
6060,Ash-Sharqiyah Development Co.,Food & Beverages
1212,Astra Industrial Group,Capital Goods
4292,Ataa Educational Co.,Consumer Services
8250,AXA Cooperative Insurance Co.,Insurance
2140,AYYAN Investment Co.,Health Care Equipment & Svc
4051,Baazeem Trading Co.,Consumer Discretionary Distribution & Retail
1140,Bank Albilad,Banks
1020,Bank Aljazira,Banks
1050,Banque Saudi Fransi,Banks
1210,Basic Chemical Industries Co.,Materials
4110,Batic Investments and Logistics Co.,Capital Goods
1302,Bawan Co.,Capital Goods
4161,BinDawood Holding Co.,Consumer Staples Distribution & Retail
4347,Bonyan REIT Fund,REITs
8210,Bupa Arabia for Cooperative Insurance Co.,Insurance
8270,Buruj Cooperative Insurance Co.,Insurance
8240,CHUBB Arabia Cooperative Insurance Co.,Insurance
3003,City Cement Co.,Materials
4004,Dallah Healthcare Co.,Health Care Equipment & Svc
4300,Dar Alarkan Real Estate Development Co.,Real Estate Mgmt & Dev't
4339,Derayah REIT Fund,REITs
6013,Development Works Food Co.,Consumer Services
4013,Dr. Sulaiman Al Habib Medical Services Group,Health Care Equipment & Svc
4010,Dur Hospitality Co.,Consumer Services
1321,East Pipes Integrated Company for Industry,Materials
3080,Eastern Province Cement Co.,Materials
1303,Electrical Industries Co.,Capital Goods
7203,Elm Co.,Software & Services
4220,Emaar The Economic City,Real Estate Mgmt & Dev't
7040,Etihad Atheeb Telecommunication Co.,Telecommunication Services
7020,Etihad Etisalat Co.,Telecommunication Services
4240,Fawaz Abdulaziz Alhokair Co.,Consumer Discretionary Distribution & Retail
2180,Filing and Packing Materials Manufacturing Co.,Materials
4180,Fitaihi Holding Group,Consumer Durables & Apparel
8260,Gulf General Cooperative Insurance Co.,Insurance
8120,Gulf Union Alahlia Cooperative Insurance Co.,Insurance
3001,Hail Cement Co.,Materials
6001,Halwani Bros. Co.,Food & Beverages
6002,Herfy Food Services Co.,Consumer Services
4250,Jabal Omar Development Co.,Real Estate Mgmt & Dev't
4332,Jadwa REIT Al Haramain Fund,REITs
4342,Jadwa REIT Saudi Fund,REITs
4190,Jarir Marketing Co.,Consumer Discretionary Distribution & Retail
6090,Jazan Energy and Development Co.,Food & Beverages
4310,Knowledge Economic City,Real Estate Mgmt & Dev't
4011,Lazurde Company for Jewelry,Consumer Durables & Apparel
1830,Leejam Sports Co.,Consumer Services
1831,Maharah Human Resources Co.,Commercial & Professional Svc
4100,Makkah Construction and Development Co.,Real Estate Mgmt & Dev't
8020,Malath Cooperative Insurance Co.,Insurance
4346,MEFIC REIT Fund,REITs
2001,Methanol Chemicals Co.,Materials
4009,Middle East Healthcare Co.,Health Care Equipment & Svc
1202,Middle East Paper Co.,Materials
2370,Middle East Specialized Cables Co.,Capital Goods
7030,Mobile Telecommunication Company Saudi Arabia,Telecommunication Services
4002,Mouwasat Medical Services Co.,Health Care Equipment & Svc
4336,Mulkia Gulf Real Estate REIT,REITs
4335,Musharaka REIT Fund,REITs
4164,Nahdi Medical Co.,Consumer Staples Distribution & Retail
3002,Najran Cement Co.,Materials
2210,Nama Chemicals Co.,Materials
1213,Naseej International Trading Co.,Consumer Durables & Apparel
6010,National Agricultural Development Co.,Food & Beverages
4291,National Company for Learning and Education,Consumer Services
2080,National Gas and Industrialization Co.,Utilities
2090,National Gypsum Co.,Materials
2060,National Industrialization Co.,Materials
4005,National Medical Care Co.,Health Care Equipment & Svc
2220,National Metal Manufacturing and Casting Co.,Materials
2002,National Petrochemical Co.,Materials
4030,National Shipping Company of Saudi Arabia,Energy
4081,Nayifat Finance Co.,Financial Services
3004,Northern Region Cement Co.,Materials
3040,Qassim Cement Co.,Materials
2380,Rabigh Refining and Petrochemical Co.,Energy
6012,Raydan Food Co.,Consumer Services
4230,Red Sea International Co.,Real Estate Mgmt & Dev't
1010,Riyad Bank,Banks
4330,Riyad REIT Fund,REITs
8080,SABB Takaful Co.,Insurance
2020,SABIC Agri-Nutrients Co.,Materials
1832,Sadr Logistics Co.,Commercial & Professional Svc
2310,Sahara International Petrochemical Co.,Materials
8050,Salama Cooperative Insurance Co.,Insurance
2120,Saudi Advanced Industries Co.,Financial Services
6004,Saudi Airlines Catering Co.,Commercial & Professional Svc
2030,Saudi Arabia Refineries Co.,Energy
2160,Saudi Arabian Amiantit Co.,Capital Goods
8100,Saudi Arabian Cooperative Insurance Co.,Insurance
1211,Saudi Arabian Mining Co.,Materials
2222,Saudi Arabian Oil Co.,Energy
4050,Saudi Automotive Services Co.,Consumer Discretionary Distribution & Retail
2010,Saudi Basic Industries Corp.,Materials
1060,Saudi British Bank,Banks
2110,Saudi Cable Co.,Capital Goods
3030,Saudi Cement Co.,Materials
2040,Saudi Ceramic Co.,Capital Goods
2230,Saudi Chemical Co.,Health Care Equipment & Svc
4008,Saudi Company for Hardware,Consumer Discretionary Distribution & Retail
5110,Saudi Electricity Co.,Utilities
8311,Saudi Enaya Cooperative Insurance Co.,Insurance
6050,Saudi Fisheries Co.,Food & Beverages
4031,Saudi Ground Services Co.,Transportation
8110,Saudi Indian Company for Cooperative Insurance, Insurance
2130,Saudi Industrial Development Co.,Consumer Durables & Apparel
4140,Saudi Industrial Export Co.,Capital Goods
2250,Saudi Industrial Investment Group,Materials
2190,Saudi Industrial Services Co.,Transportation
1030,Saudi Investment Bank,Banks
2350,Saudi Kayan Petrochemical Co.,Materials
4006,Saudi Marketing Co.,Consumer Staples Distribution & Retail
2300,Saudi Paper Manufacturing Co.,Materials
2070,Saudi Pharmaceutical Industries and Medical Appliances Corp.,"Pharma, Biotech & Life Science"
4270,Saudi Printing and Packaging Co.,Commercial & Professional Svc
4040,Saudi Public Transport Co.,Transportation
4020,Saudi Real Estate Co.,Real Estate Mgmt & Dev't
8200,Saudi Reinsurance Co.,Insurance
4210,Saudi Research and Media Group,Media and Entertainment
1320,Saudi Steel Pipe Co.,Materials
1111,Saudi Tadawul Group Holding Co.,Financial Services
7010,Saudi Telecom Co.,Telecommunication Services
2360,Saudi Vitrified Clay Pipes Co.,Materials
2270,Saudia Dairy and Foodstuff Co.,Food & Beverages
2050,Savola Group,Food & Beverages
4014,Scientific and Medical Equipment House Co.,Health Care Equipment & Svc
4344,SEDCO Capital REIT Fund,REITs
1810,Seera Group Holding,Consumer Services
4337,SICO Saudi REIT Fund,REITs
3050,Southern Province Cement Co.,Materials
4345,Swicorp Wabel REIT Fund,REITs
6040,Tabuk Agricultural Development Co.,Food & Beverages
3090,Tabuk Cement Co.,Materials
4090,Taiba Investments Co.,Real Estate Mgmt & Dev't
1201,Takween Advanced Industries Co.,Materials
4333,Taleem REIT Fund,REITs
2281,Tanmiah Food Co.,Food & Beverages
8010,The Company for Cooperative Insurance,Insurance
8030,The Mediterranean and Gulf Insurance and Reinsurance Co.,Insurance
2150,The National Company for Glass Industries,Materials
1180,The Saudi National Bank,Banks
4261,Theeb Rent a Car Co.,Transportation
4160,Thimar Development Holding Co.,Consumer Staples Distribution & Retail
4012,Thob Al Aseel Co.,Consumer Durables & Apparel
4070,Tihama Advertising and Public Relations Co.,Media and Entertainment
4170,Tourism Enterprise Co.,Consumer Services
3005,Umm Al-Qura Cement Co.,Materials
8190,United Cooperative Assurance Co.,Insurance
4003,United Electronics Co.,Consumer Discretionary Distribution & Retail
4260,United International Transportation Co.,Transportation
1301,United Wire Factories Co.,Materials
2100,Wafrah for Industry and Development Co.,Food & Beverages
8060,Walaa Cooperative Insurance Co.,Insurance
8300,Wataniya Insurance Co.,Insurance
3020,Yamama Cement Co.,Materials
3060,Yanbu Cement Co.,Materials
2290,Yanbu National Petrochemical Co.,Materials
3007,Zahrat Al Waha for Trading Co.,Materials
2240,Zamil Industrial Investment Co.,Materials
1833,Al Mawarid Manpower Co.,Commercial & Professional Svc
1834,Saudi Manpower Solutions Co.,Commercial & Professional Svc
1835,Tamkeen Human Resource Co.,Commercial & Professional Svc
2381,Arabian Drilling Co.,Energy
2382,Ades Holding Co.,Energy
1323,United Carton Industries Co.,Materials
3092,Riyadh Cement Co.,Materials
4143,Al Taiseer Group Talco Industrial Co.,Materials
4142,Riyadh Cables Group Co.,Capital Goods
4144,Raoom Trading Co.,Capital Goods
4145,Obeikan Glass Co.,Capital Goods
4262,Lumi Rental Co.,Transportation
4263,SAL Saudi Logistics Services Co.,Transportation
4264,Flynas Co.,Transportation
6014,Alamar Foods Co.,Consumer Services
6015,Americana Restaurants International PLC - Foreign Company,Consumer Services
6016,Shatirah House Restaurant Co.,Consumer Services
6017,Jahez International Company for Information System Technology,Consumer Services
6018,Sport Clubs Co.,Consumer Services
4072,MBC Group Co.,Media and Entertainment
4192,AlSaif Stores for Development and Investment Co.,Consumer Discretionary Distribution & Retail
4193,Nice One Beauty Digital Marketing Co.,Consumer Discretionary Distribution & Retail
4194,Marketing Home Group for Trading Co.,Consumer Discretionary Distribution & Retail
2282,Naqi Water Co.,Food & Beverages
2283,First Milling Co.,Food & Beverages
2284,Modern Mills for Food Products Co.,Food & Beverages
2285,Arabian Mills for Food Products Co.,Food & Beverages
2286,Fourth Milling Co.,Food & Beverages
2287,Arabian Company for Agricultural and Industrial Investment,Food & Beverages
4165,Al Majed Oud Co.,Household & Personal Products
4017,Dr. Soliman Abdel Kader Fakeeh Hospital Co.,Health Care Equipment & Svc
4018,Almoosa Health Co.,Health Care Equipment & Svc
4019,Specialized Medical Co.,Health Care Equipment & Svc
4015,Jamjoom Pharmaceuticals Factory Co.,"Pharma, Biotech & Life Science"
4016,Middle East Pharmaceutical Industries Co.,"Pharma, Biotech & Life Science"
1183,SHL Finance Co.,Financial Services
4082,Morabaha Marina Financing Co.,Financial Services
4083,United International Holding Co.,Financial Services
4084,Derayah Financial Co.,Financial Services
8313,Rasan Information Technology Co.,Insurance
7204,Perfect Presentation for Commercial Services Co.,Software & Services
7211,Saudi Azm for Communication and Information Technology Co.,Software & Services
2083,The Power and Water Utility Company for Jubail and Yanbu,Utilities
2084,Miahona Co.,Utilities
4322,Retal Urban Development Co.,Real Estate Mgmt & Dev't
4323,Sumou Real Estate Co.,Real Estate Mgmt & Dev't
4324,Banan Real Estate Co.,Real Estate Mgmt & Dev't
2223,Saudi Aramco Base,Materials
9403,Albilad Saudi Sovereign Sukuk ETF,Unknown
4700,Al khabeer Diversified Income Traded Fund,Closed-End Fund
4703,SEDCO Capital Multi Asset Traded Fund,Closed-End Fund
4701,Alkhabeer Growth and Income Traded Fund,Closed-End Fund
4350,Alistithmar AREIC Diversified REIT Fund,REITs
4702,Al khabeer Diversified Income Traded Fund 2030,Closed-End Fund
9404,Alinma Saudi Goverment Sukuk ETF Fund,Unknown
