symbol,distribution_date,dividend_amount
1831,2020-09-22,2.25
9403,2020-09-14,0.0233
3004,2020-09-27,0.25
9404,2020-09-14,1.44
4330,2020-09-28,0.2
4001,2020-09-10,3.0
3040,2020-09-09,1.0
6070,2020-09-10,0.5
4150,2025-10-16,0.25
1120,2025-10-02,0.75
4144,2025-09-18,0.37
9403,2025-09-17,0.0266
2150,2025-09-30,0.5
4330,2025-09-22,0.16
1834,2025-09-07,0.12
7200,2025-09-07,0.8
6070,2025-10-30,0.7
3040,2025-09-22,0.8
4321,2025-10-15,0.375
4016,2025-09-15,1.1
4335,2025-08-26,0.1
4334,2025-08-26,0.33
1833,2025-08-28,1.35
4700,2025-08-24,0.2
4014,2025-09-18,1.0
4320,2025-09-04,0.25
1060,2025-09-04,1.0
4260,2025-09-03,0.5
1835,2025-09-01,1.4
4163,2025-08-25,0.63
4261,2025-09-18,0.55
6004,2025-09-18,1.15
4263,2025-09-09,1.52
4051,2025-09-04,0.07
2320,2025-09-01,1.0
4007,2025-08-21,0.35
4001,2025-09-17,0.12
1831,2025-08-26,0.07
4190,2025-08-20,0.16
3092,2025-09-18,1.0
2222,2025-08-28,0.3312
4322,2025-10-09,0.11
3090,2025-09-17,0.25
2382,2025-09-01,0.21
4004,2025-09-04,0.5
4323,2025-10-14,0.5
2223,2025-10-15,1.0
2010,2025-09-09,1.5
4018,2025-08-20,0.35
9403,2025-08-19,0.056
3080,2025-09-11,0.6
2286,2025-09-04,0.11
7203,2025-08-19,4.5
4003,2025-08-14,2.0
4164,2025-08-26,2.6
1830,2025-08-14,0.84
2040,2025-09-02,0.5
1303,2025-08-24,0.125
3003,2025-08-25,0.65
2020,2025-08-19,3.5
3010,2025-08-14,0.5
2290,2025-09-11,1.0
2284,2025-08-17,1.0
4013,2025-08-18,1.19
4703,2025-08-31,0.29
7010,2025-08-19,0.55
1150,2025-08-21,0.3
2283,2025-08-20,1.48
4015,2025-08-10,2.0
4191,2025-09-15,0.5
1140,2025-08-20,0.45
4701,2025-08-19,0.59
1080,2025-08-06,0.65
7020,2025-08-19,1.2
4012,2025-08-07,0.1
1010,2025-08-17,0.85
1180,2025-08-14,1.0
4336,2025-09-07,0.08
1050,2025-08-13,0.55
4084,2025-08-06,0.33
4344,2025-10-07,0.1313
3060,2025-08-28,0.5
4324,2025-08-19,0.025
2370,2025-07-08,0.5
9403,2025-07-17,0.008
4081,2025-07-29,0.33
2310,2025-07-17,0.5
2080,2025-08-13,1.15
3030,2025-07-08,1.0
4261,2025-07-10,0.52
2170,2025-06-30,0.75
4162,2025-06-30,1.0
4004,2025-06-29,0.5
1830,2025-06-04,0.81
8210,2025-07-17,4.0
4018,2025-06-03,0.25
1321,2025-08-26,2.5
3040,2025-06-16,0.8
2170,2025-06-02,0.75
4163,2025-06-03,0.63
4263,2025-07-14,1.43
4321,2025-07-03,0.375
4007,2025-05-29,0.35
2190,2025-07-20,0.8
4001,2025-06-25,0.11
2222,2025-05-29,0.3312
4190,2025-05-21,0.19
4144,2025-06-02,0.37
1320,2025-06-22,2.95
4013,2025-05-26,1.12
9403,2025-05-20,0.038
2120,2025-07-15,1.0
4348,2025-07-09,0.105
1150,2025-05-27,0.3
4340,2025-05-29,0.13
4703,2025-05-29,0.16
7010,2025-05-20,0.55
4084,2025-05-14,0.325
4344,2025-06-19,0.125
1210,2025-06-15,1.0
2230,2025-06-01,0.05
1214,2025-05-29,0.5
4336,2025-05-29,0.08
4350,2025-05-07,0.38
4005,2025-06-02,2.0
4016,2025-05-15,1.25
8170,2025-06-03,0.6
8010,2025-06-22,1.5
8012,2025-07-06,0.3
2287,2025-07-09,0.5
8250,2025-06-25,1.2
1831,2025-04-24,0.08
7200,2025-04-23,3.2
9403,2025-04-22,0.026
1835,2025-07-06,2.08
3050,2025-07-01,0.7
1833,2025-04-21,1.25
3090,2025-04-27,0.25
1834,2025-04-20,0.13
3080,2025-05-08,1.0
4001,2025-04-23,0.11
4330,2025-04-24,0.16
4009,2025-07-23,0.5
6004,2025-04-29,1.15
4190,2025-04-16,0.23
4143,2025-07-13,1.6
4320,2025-04-29,0.25
2320,2025-04-22,1.0
3007,2025-06-19,0.45
4030,2025-07-17,1.0
4090,2025-05-29,0.75
3040,2025-04-15,0.8
4004,2025-04-20,0.5
4031,2025-04-17,1.0
4280,2026-01-15,0.07
4280,2025-10-16,0.07
4280,2025-08-14,0.07
4280,2025-06-26,0.07
2081,2025-06-19,1.5
4260,2025-06-15,1.0
4161,2025-05-29,0.1
4335,2025-04-23,0.14
2270,2025-04-10,9.0
1212,2025-04-29,3.0
2283,2025-04-22,1.29
4261,2025-03-26,0.59
2381,2025-04-08,1.35
4321,2025-04-06,0.375
4164,2025-03-25,3.0
4323,2025-05-01,0.5
1303,2025-04-13,0.125
4100,2025-06-11,1.5
4165,2025-05-22,4.0
4051,2025-04-27,0.11
4017,2025-07-16,0.3
5110,2025-05-29,0.7
4003,2025-04-07,3.0
2284,2025-05-15,1.0
2222,2025-03-26,0.3312
1111,2025-05-19,3.35
4322,2025-05-15,0.11
9403,2025-03-19,0.027
4012,2025-03-13,0.1
4007,2025-03-16,0.35
2200,2025-06-26,0.15
7203,2025-03-17,4.0
4018,2025-05-29,1.0
7010,2025-06-02,2.0
6070,2025-04-30,0.5
7010,2025-03-24,0.55
4150,2025-05-25,0.25
4015,2025-03-17,1.46
4334,2025-03-12,0.34
2382,2025-03-24,0.22
1322,2025-03-23,1.18
3010,2025-05-15,0.75
3020,2025-05-04,1.0
7020,2025-04-09,1.3
4263,2025-03-18,1.33
7030,2025-05-15,0.5
7202,2025-05-27,10.0
2223,2025-04-30,3.08
4013,2025-03-10,1.23
6015,2025-05-28,0.0569
1030,2025-03-04,0.4
4700,2025-02-25,0.23
1830,2025-03-05,1.18
4144,2025-02-27,0.75
4702,2025-02-24,0.27
1060,2025-05-19,1.0
1080,2025-02-19,0.65
3030,2025-05-12,1.5
9403,2025-02-20,0.054
1010,2025-04-24,0.9
4163,2025-02-25,0.63
1050,2025-05-29,0.5
4348,2025-04-10,0.105
1150,2025-05-08,0.3
1120,2025-04-24,1.46
1180,2025-02-24,1.0
4340,2025-02-27,0.14
4703,2025-02-27,0.19
9404,2025-02-06,0.21
4339,2025-03-16,0.084
3092,2025-04-29,1.25
4200,2025-03-13,1.5
4336,2025-02-27,0.08
9403,2025-01-19,0.008
2290,2025-03-16,1.0
1304,2025-03-24,0.5
4344,2025-02-27,0.125
4002,2025-05-15,2.0
2010,2025-03-04,1.7
2020,2025-02-17,3.0
2280,2025-04-24,1.0
4081,2025-01-13,0.5
4003,2024-12-31,5.0
1321,2025-01-21,1.5
2080,2025-01-29,1.1
4324,2025-01-21,0.035
4292,2025-01-22,1.25
3060,2024-12-30,0.5
4331,2024-12-24,0.4
4162,2024-12-18,2.0
2150,2024-12-29,0.9
4191,2024-12-22,0.5
2310,2024-12-16,0.5
3004,2024-12-12,0.25
3040,2024-12-15,0.65
4339,2025-01-16,0.07
4344,2024-12-01,0.125
4004,2024-12-01,0.5
4321,2024-11-21,0.375
4014,2024-12-18,1.0
4161,2024-12-08,0.1
2320,2024-12-02,0.5
4163,2024-11-25,0.63
4190,2024-11-20,0.26
4261,2024-12-05,0.54
2222,2024-11-26,0.4815
4144,2024-12-03,0.75
3090,2024-11-21,0.25
4263,2024-11-28,1.45
7010,2024-11-26,0.4
4007,2024-12-01,0.35
4013,2024-11-25,1.2
9403,2024-11-19,0.04
2286,2024-11-28,0.11
4348,2025-01-02,0.105
1301,2024-11-24,0.75
4291,2024-12-26,2.1
4340,2024-11-28,0.14
1830,2024-11-21,2.14
1150,2024-11-21,0.3
4336,2024-11-21,0.08
9403,2024-10-17,0.026
7020,2024-10-06,0.9
2270,2024-10-07,6.0
4339,2024-11-06,0.061
4050,2024-09-30,0.25
1140,2024-10-03,0.5
9403,2024-09-17,0.029
4031,2024-09-30,1.0
3040,2024-09-15,1.3
1834,2024-09-10,0.12
4330,2024-09-17,0.15
1322,2024-10-20,0.9
4701,2024-09-04,0.6
4051,2024-09-05,0.07
2300,2024-09-25,0.75
4335,2024-09-10,0.1
1030,2024-08-28,0.36
1831,2024-08-25,0.07
1060,2024-08-28,1.0
4334,2024-08-22,0.33
3003,2024-09-02,0.5
1833,2024-08-22,1.25
4190,2024-08-21,0.15
3050,2024-08-25,0.5
3092,2024-08-28,1.0
4700,2024-08-25,0.28
4263,2024-09-02,1.45
4261,2024-08-22,0.51
1080,2024-08-21,0.65
4001,2024-09-11,0.15
4324,2024-09-11,0.035
6014,2024-09-03,0.5
2222,2024-08-29,0.4815
4015,2024-08-25,1.6
1180,2024-08-25,0.9
1010,2024-08-22,0.8
2223,2024-10-15,3.6
6070,2024-10-15,0.5
2382,2024-10-01,0.216
4004,2024-09-08,0.5
1150,2024-09-01,0.25
1120,2024-08-26,1.25
1050,2024-08-26,1.0
2381,2024-08-22,1.35
1302,2024-10-10,0.6
3080,2024-10-03,0.6
4323,2024-09-30,0.5
6004,2024-09-15,1.15
4007,2024-08-21,0.35
4163,2024-08-25,0.625
2150,2024-08-22,0.6
7203,2024-08-20,3.5
2083,2024-09-05,0.35
4260,2024-08-28,0.45
9403,2024-08-19,0.045
4322,2024-10-10,0.16
4150,2024-09-19,0.25
4348,2024-10-06,0.105
4164,2024-08-25,2.5
4340,2024-08-29,0.13
4016,2024-09-15,0.75
1830,2024-08-22,0.95
1303,2024-08-28,0.1
2284,2024-08-14,1.0
4144,2024-08-14,0.75
4003,2024-08-15,2.0
3010,2024-08-15,0.75
4013,2024-08-19,1.17
4012,2024-08-18,0.09
4191,2024-09-10,0.5
2283,2024-08-13,1.55
7010,2024-08-15,0.4
4143,2024-12-01,1.5
4336,2024-09-05,0.08
4339,2024-08-22,0.06
4345,2024-08-01,0.15
4344,2024-08-22,0.125
9404,2024-07-21,0.123
2250,2024-07-22,0.5
9403,2024-07-17,0.008
2310,2024-07-11,0.5
4004,2024-08-14,0.5
7040,2024-09-30,0.3
3030,2024-06-26,1.25
2080,2024-07-22,1.1
2290,2024-08-20,1.0
2020,2024-07-22,3.0
8210,2024-07-17,4.0
4162,2024-06-26,1.25
1321,2024-08-21,1.5
1320,2024-07-07,0.74
8012,2024-10-10,0.3
2010,2024-09-24,1.7
4263,2024-06-12,1.76
6014,2024-07-15,0.4
4007,2024-06-05,0.35
4013,2024-06-10,1.17
3060,2024-06-11,0.75
4321,2024-07-18,0.375
4161,2024-06-09,0.1
4261,2024-06-04,0.47
4344,2024-07-11,0.125
4082,2024-08-14,0.35
4342,2024-06-27,0.2
4001,2024-06-12,0.15
4190,2024-05-29,0.19
2281,2024-07-04,1.9
4144,2024-05-28,0.75
7010,2024-06-10,0.4
2222,2024-05-23,0.4815
1830,2024-06-25,0.97
4333,2024-05-29,0.16
1150,2024-06-02,0.25
4340,2024-05-30,0.135
9403,2024-05-19,0.039
4348,2024-07-18,0.105
4005,2024-06-12,2.0
4336,2024-05-30,0.08
4701,2024-05-13,0.185
8170,2024-06-10,0.6
8010,2024-07-07,1.0
8250,2024-06-30,1.5
4015,2024-06-13,1.5
3090,2024-07-16,0.25
2284,2024-07-07,1.0
4011,2024-06-10,0.3
4335,2024-05-23,0.1
1831,2024-04-22,0.075
9403,2024-04-17,0.0283
2320,2024-06-26,1.0
4050,2024-07-01,0.75
1212,2024-06-30,2.5
4090,2024-06-03,0.65
2270,2024-05-28,6.0
1833,2024-04-17,1.0
4280,2025-01-15,0.07
4280,2024-10-16,0.07
4280,2024-08-15,0.07
4280,2024-06-25,0.07
2282,2024-06-06,0.5
6014,2024-04-25,0.4
4321,2024-04-16,0.75
4100,2024-06-13,1.5
4260,2024-06-06,1.0
4330,2024-04-25,0.15
6004,2024-04-24,1.1
3004,2024-04-24,0.25
4030,2024-07-01,0.55
1830,2024-04-03,1.33
4051,2024-06-25,1.1
2150,2024-05-27,0.5
4007,2024-04-04,0.35
4338,2024-03-31,0.25
2381,2024-04-02,2.53
2120,2024-06-30,1.0
4164,2024-04-02,3.0
3050,2024-05-29,0.65
4261,2024-04-01,0.41
4334,2024-03-28,0.33
1303,2024-04-24,0.075
2190,2024-04-18,0.4
2283,2024-04-23,1.41
3080,2024-04-04,1.0
3010,2024-05-09,0.75
1111,2024-05-06,2.3
4150,2024-05-14,0.5
2222,2024-03-28,0.4815
7203,2024-03-25,4.0
4142,2024-05-06,1.5
2083,2024-03-27,1.1
4320,2024-03-26,0.25
4003,2024-03-21,2.0
4190,2024-03-20,0.23
5110,2024-05-30,0.7
6070,2024-04-30,0.5
4263,2024-03-25,1.51
7030,2024-07-18,0.5
1302,2024-04-29,0.85
9403,2024-03-19,0.0241
2082,2024-05-13,0.45
3007,2024-06-12,1.35
4322,2024-05-16,0.16
2223,2024-04-18,5.0
2270,2024-03-19,6.0
6016,2024-04-28,0.14
1180,2024-05-14,0.9
1120,2024-04-03,1.15
3001,2024-03-14,0.35
3040,2024-04-04,0.65
4144,2024-03-14,0.75
4012,2024-03-21,0.1
4332,2024-04-01,0.13
7010,2024-05-15,1.0
7010,2024-03-14,0.4
1030,2024-03-06,0.45
4013,2024-03-04,1.15
7202,2024-06-26,6.0
6015,2024-05-20,0.0802
3003,2024-03-04,0.4
1010,2024-04-02,0.75
3020,2024-04-21,1.0
7020,2024-07-15,1.45
1060,2024-05-13,0.98
3030,2024-05-08,1.0
4001,2024-03-07,0.3
1050,2024-06-11,1.0
1080,2024-02-25,0.7
1140,2024-05-16,0.5
4342,2024-03-14,0.2
4346,2024-03-12,0.08
4700,2024-02-25,0.29
9403,2024-02-18,0.0465
4348,2024-04-01,0.105
4340,2024-02-29,0.14
4200,2024-05-20,1.0
4339,2024-04-04,0.086
4336,2024-03-03,0.1
4333,2024-02-08,0.16
1322,2024-01-21,0.65
4345,2024-01-23,0.17
4163,2024-02-25,1.25
9403,2024-01-17,0.0083
9404,2024-01-16,0.08
4145,2024-04-01,2.0
4344,2024-02-15,0.1455
4324,2024-02-21,0.02
2230,2024-02-04,0.05
4004,2024-01-30,0.5
4002,2024-06-06,1.75
2290,2024-03-14,0.75
2280,2024-04-16,1.0
2020,2024-02-21,3.0
6070,2024-01-30,0.25
2250,2024-01-04,0.5
2010,2024-03-04,1.6
2080,2024-01-28,1.0
2310,2023-12-25,0.75
3092,2024-04-30,0.75
4144,2023-12-20,0.5
2300,2024-05-09,0.5
4191,2023-12-20,0.5
4291,2024-01-07,1.65
3040,2023-12-17,0.65
4347,2023-12-18,0.33
4331,2023-12-04,0.3405
4342,2023-12-26,0.2
3001,2023-12-11,0.25
4162,2023-12-03,2.0
4263,2023-11-29,1.9
4161,2023-11-30,0.1
4261,2023-11-28,0.4
6014,2023-12-05,0.6
2222,2023-11-30,0.4554
4340,2023-12-14,0.13
4004,2023-11-26,0.5
4007,2023-11-26,0.35
1301,2023-11-26,1.0
4333,2023-11-28,0.16
4190,2023-11-15,0.25
9403,2023-11-16,0.0391
4348,2024-01-07,0.105
7010,2023-11-23,0.4
4292,2024-02-11,1.1
4013,2023-11-20,1.17
1830,2023-11-14,0.95
1150,2023-11-22,0.3
4344,2023-11-30,0.145
4336,2023-11-16,0.1
4050,2023-10-31,0.5
4142,2023-11-05,1.0
9403,2023-10-17,0.0278
4163,2023-09-28,1.25
9403,2023-09-18,0.024
3050,2023-09-17,0.35
4192,2023-10-17,0.1
1303,2023-09-21,1.5
1831,2023-09-10,1.0
4323,2023-10-09,1.0
2190,2023-09-21,0.4
3092,2023-09-12,0.8
3001,2023-09-26,0.37
3040,2023-09-17,0.65
4338,2023-09-26,0.25
4334,2023-08-31,0.31
4330,2023-10-05,0.25
4701,2023-09-04,0.93
4335,2023-09-11,0.07
3003,2023-09-05,0.4
6014,2023-09-04,0.6
4320,2023-08-29,0.25
4324,2023-09-10,0.02
2282,2023-09-14,1.0
4001,2023-09-06,0.3
4051,2023-09-06,0.7
4015,2023-09-03,1.0
4261,2023-08-23,0.34
1833,2023-09-25,1.5
4004,2023-09-07,0.5
2222,2023-09-27,0.4554
3010,2023-08-24,0.75
3080,2023-09-07,0.6
7203,2023-08-24,3.0
4013,2023-08-28,1.0
1302,2023-09-17,0.65
2083,2023-08-30,1.1
4190,2023-08-16,0.15
2381,2023-11-13,2.53
6004,2023-08-31,1.0
4164,2023-08-24,2.5
4342,2023-09-06,0.2
4322,2023-10-10,0.16
4700,2023-08-21,0.28
2250,2023-08-24,0.5
4144,2023-08-17,1.25
9403,2023-08-16,0.048
4348,2023-10-08,0.105
1830,2023-08-15,0.75
4003,2023-08-20,1.5
2283,2023-08-14,1.37
2223,2023-10-15,5.0
1060,2023-08-28,0.88
7010,2023-08-23,0.4
1030,2023-08-15,0.4
4191,2023-10-03,0.5
4260,2023-09-13,0.5
4150,2023-08-31,0.25
1150,2023-08-23,0.3
4344,2023-08-31,0.1341
1050,2023-08-20,0.95
1180,2023-08-13,0.85
9404,2023-08-08,0.8
1120,2023-08-14,1.15
1080,2023-08-08,0.65
4082,2023-09-06,0.53
1010,2023-08-07,0.65
4333,2023-08-15,0.16
4012,2023-08-07,0.0875
4162,2023-08-22,1.25
4336,2023-08-17,0.1
4321,2023-08-13,0.87
7200,2023-08-09,1.5
4192,2023-07-19,0.1
4345,2023-07-23,0.13
4339,2023-09-07,0.1
4340,2023-07-30,0.12
9403,2023-07-17,0.008
2310,2023-07-19,1.25
2080,2023-07-19,1.0
4004,2023-07-20,0.5
2270,2023-09-10,3.0
4007,2023-07-12,0.35
2010,2023-10-02,1.8
3030,2023-06-20,1.5
2020,2023-07-31,3.0
2290,2023-08-06,1.0
4261,2023-06-13,0.49
1322,2023-06-15,1.0
1183,2023-07-13,0.5
3060,2023-06-20,1.5
1321,2023-07-30,1.0
3040,2023-06-14,0.65
1202,2023-07-11,0.5
4161,2023-06-14,1.0
3004,2023-06-15,0.25
4342,2023-06-22,0.2
4347,2023-06-19,0.33
4071,2023-07-13,0.4
8250,2023-07-04,0.5
3001,2023-06-22,0.25
1830,2023-05-31,0.64
1150,2023-06-12,0.25
6014,2023-06-05,0.5
7010,2023-06-07,0.4
2222,2023-05-31,0.3024
8010,2023-06-19,1.0
4190,2023-05-24,2.05
4013,2023-05-29,1.0
4344,2023-06-15,0.1562
8210,2023-07-17,3.6
4340,2023-05-22,0.15
4333,2023-05-28,0.16
9403,2023-05-16,0.039
4348,2023-07-23,0.105
2281,2023-07-04,3.5
4003,2023-06-04,2.0
4336,2023-05-08,0.13
2190,2023-05-16,0.4
4345,2023-05-09,0.125
9403,2023-04-25,0.029
2320,2023-06-19,0.5
4339,2023-05-21,0.112
4321,2023-04-25,1.0
4280,2024-01-15,0.07
4280,2023-10-16,0.07
4280,2023-07-18,0.07
2030,2023-07-19,1.0
4100,2023-06-20,1.0
4280,2023-05-29,0.07
4006,2023-06-05,0.5
4261,2023-04-13,0.59
3050,2023-06-11,0.5
7203,2023-04-13,3.0
2120,2023-06-19,0.5
2050,2023-05-31,0.66
7030,2023-07-12,0.5
4330,2023-05-02,0.25
6014,2023-04-13,1.0
4011,2023-07-13,0.3
4162,2023-05-17,1.0
6004,2023-04-30,0.5
4323,2023-04-13,1.0
1210,2023-07-02,1.0
4005,2023-07-10,1.0
4150,2023-05-18,0.25
4163,2023-05-01,1.25
4164,2023-04-10,3.0
3080,2023-04-13,1.0
4192,2023-04-04,1.0
3003,2023-04-04,0.5
1212,2023-06-04,2.5
6002,2023-05-24,0.5
4051,2023-05-17,1.1
1182,2023-05-15,0.8
4030,2023-07-16,0.5
5110,2023-05-25,0.7
4144,2023-05-09,1.0
4190,2023-03-29,2.2
4334,2023-03-30,0.18
4142,2023-07-13,1.5
3002,2023-05-04,0.25
4320,2023-03-28,0.25
1830,2023-03-27,1.11
2222,2023-03-20,0.3326
4338,2023-03-31,0.3
4342,2023-04-11,0.2
1831,2023-03-22,1.0
1302,2023-04-06,0.65
6070,2023-05-03,0.5
3007,2023-06-04,0.6
4007,2023-03-22,0.35
2083,2023-03-23,1.1
4322,2023-05-11,3.0
9403,2023-03-16,0.022
4012,2023-04-04,0.75
1111,2023-05-21,2.31
4260,2023-05-09,1.5
3010,2023-04-17,1.1
6015,2023-04-26,0.0461
2040,2023-03-28,0.5
2330,2023-05-28,0.55
7020,2023-06-21,1.15
3040,2023-04-05,0.6
7010,2023-03-16,0.4
2223,2023-05-11,5.0
4013,2023-03-13,0.93
7202,2023-05-28,5.0
3020,2023-04-09,1.0
1060,2023-05-18,0.74
4001,2023-03-02,2.75
4340,2023-02-26,0.33
3030,2023-05-07,1.75
4348,2023-04-11,0.105
9403,2023-02-16,0.0513
4700,2023-02-20,0.28
2082,2023-07-12,0.83
4333,2023-02-21,0.16
4335,2023-03-19,0.2
4200,2023-05-15,2.0
4336,2023-02-13,0.13
1120,2023-04-02,1.25
1180,2023-05-18,0.6
7200,2023-03-12,1.2
2270,2023-01-23,3.0
4321,2023-02-12,0.75
4180,2023-05-18,0.4
1140,2023-05-10,0.5
4339,2023-03-12,0.14
9403,2023-01-16,0.0055
2150,2023-02-09,0.5
4192,2023-01-12,1.0
9404,2023-01-11,0.8
4144,2023-01-09,1.0
1030,2023-04-30,0.45
2290,2023-03-26,1.25
4344,2023-02-16,0.1812
4002,2023-05-17,3.0
1150,2023-05-11,0.5
1080,2023-04-11,0.6
3092,2023-05-11,0.75
2280,2023-04-17,1.0
2020,2023-04-13,8.0
1010,2023-04-03,0.65
2230,2023-01-29,0.5
4050,2023-01-05,0.5
4004,2022-12-29,1.0
3001,2022-12-26,0.25
1050,2023-06-12,0.9
2010,2023-04-02,2.0
2282,2023-01-18,1.0
2080,2022-12-27,1.0
3060,2022-12-29,0.75
4347,2023-01-04,0.33
4292,2023-01-29,1.0
7204,2023-01-12,0.7
2250,2022-12-22,0.75
2310,2022-12-15,1.5
4007,2022-12-19,0.35
4342,2023-01-02,0.2
3040,2022-12-12,0.6
4334,2022-12-06,0.44
4291,2023-01-08,1.2
6014,2022-12-12,0.7
4001,2022-12-01,7.5
1322,2022-11-30,0.6
4261,2022-11-27,0.62
4190,2022-11-23,2.25
2081,2022-11-29,1.5
2222,2022-11-28,0.3198
9403,2022-11-16,0.0398
4348,2022-12-26,0.125
1830,2022-11-20,0.7
7010,2022-11-22,0.4
4324,2022-11-20,0.3
4013,2022-11-14,0.86
4336,2022-11-03,0.13
4333,2022-11-10,0.18
4331,2022-10-31,0.2923
4144,2022-11-16,1.0
1202,2022-10-25,0.5
3004,2022-10-23,0.25
9403,2022-10-18,0.029
4339,2022-11-13,0.16
3002,2022-10-19,0.25
4346,2022-11-17,0.05
4150,2022-10-30,0.25
4344,2022-11-17,0.1813
2330,2022-12-18,0.55
7203,2022-10-13,2.0
4004,2022-10-09,1.0
3040,2022-10-12,0.5
4007,2022-09-27,0.3
3050,2022-09-26,0.75
3003,2022-09-26,0.4
4145,2022-09-19,2.0
3092,2022-09-28,0.75
4050,2022-09-21,0.5
4071,2022-10-19,1.9
4342,2022-10-05,0.2
9403,2022-09-18,0.0225
4261,2022-09-20,0.5
1831,2022-09-14,1.25
4330,2022-09-21,0.44
4320,2022-09-29,0.25
3001,2022-09-14,0.25
4161,2022-09-25,0.9
4163,2022-09-20,1.25
6014,2022-09-20,1.69
4001,2022-09-15,2.0
2080,2022-09-29,0.85
2222,2022-09-07,0.3198
2190,2022-09-08,0.4
6070,2022-08-25,0.5
4322,2022-10-12,2.0
3010,2022-09-15,1.1
1302,2022-09-06,0.85
4051,2022-09-04,0.7
4164,2022-08-25,2.31
4003,2022-08-25,2.5
4700,2022-08-25,0.26
4013,2022-08-29,0.86
1830,2022-08-24,0.37
4190,2022-08-17,1.45
4323,2022-09-18,0.5
3080,2022-08-30,1.0
4340,2022-08-28,0.33
7010,2022-08-25,1.0
1301,2022-08-18,1.0
1020,2022-08-15,0.4
9403,2022-08-16,0.051
4260,2022-09-01,0.5
4348,2022-09-28,0.125
4191,2022-10-10,0.5
4012,2022-08-17,0.75
4345,2022-08-10,0.1
4333,2022-08-16,0.18
1030,2022-08-14,0.3
4338,2022-08-25,0.35
1322,2022-08-09,2.0
4162,2022-08-14,1.25
1010,2022-08-11,0.5
4336,2022-08-04,0.13
1150,2022-08-14,0.45
4335,2022-08-16,0.3
2040,2022-08-14,0.5
2330,2022-09-18,0.55
1060,2022-07-27,0.55
7200,2022-10-13,1.2
4339,2022-08-11,0.18
1180,2022-07-21,1.1
4344,2022-08-18,0.175
4321,2022-07-26,0.75
9403,2022-07-24,0.0056
1050,2022-08-04,0.75
2020,2022-08-01,4.0
2310,2022-07-26,1.75
9404,2022-07-21,0.8
1080,2022-07-18,0.5
2010,2022-10-02,2.25
4261,2022-07-06,0.49
8210,2022-07-20,4.5
2170,2022-07-20,1.5
2290,2022-06-29,1.5
3060,2022-06-30,0.75
4007,2022-06-19,0.4
3030,2022-06-15,1.5
2082,2022-07-21,0.77
4347,2022-06-19,0.33
1183,2022-06-14,0.774
2270,2022-07-19,3.0
4342,2022-06-29,0.2
4014,2022-07-25,1.0
3040,2022-06-06,0.5
4345,2022-06-06,0.1
2222,2022-06-08,0.3198
4081,2022-05-30,0.75
1304,2022-06-29,0.75
4141,2022-06-29,0.75
4190,2022-05-25,2.05
4348,2022-07-03,0.125
7010,2022-05-31,1.0
9403,2022-05-23,0.0382
1830,2022-05-23,0.471
4013,2022-05-17,0.83
4333,2022-05-25,0.18
4005,2022-05-31,1.0
2250,2022-07-21,0.75
4336,2022-05-22,0.13
2250,2022-04-27,0.75
4050,2022-06-29,0.25
9403,2022-04-21,0.0301
4339,2022-05-22,0.18
2090,2022-06-09,1.0
4346,2022-05-23,0.1
4344,2022-05-12,0.1725
2150,2022-06-02,0.5
4260,2022-06-02,1.3
2320,2022-05-25,0.5
4161,2022-04-24,0.65
2330,2022-05-22,0.55
3004,2022-04-20,0.25
4162,2022-06-12,2.0
3090,2022-05-15,0.25
2030,2022-07-14,0.5
2070,2022-06-27,0.6
2080,2022-04-24,0.75
4007,2022-04-19,0.4
4144,2022-06-26,1.25
1182,2022-05-31,0.85
7203,2022-05-22,3.0
2281,2022-04-28,0.51
4324,2022-06-21,0.3
4261,2022-04-20,0.54
2222,2022-03-31,0.3518
2081,2022-03-30,1.5
4011,2022-07-28,0.25
1202,2022-06-23,1.0
8250,2022-06-02,1.0
3005,2022-05-25,0.25
1303,2022-05-17,1.0
5110,2022-06-06,0.7
1212,2022-04-28,1.5
3002,2022-04-24,0.25
2120,2022-06-15,0.75
4323,2022-05-30,0.5
4051,2022-05-23,1.75
3080,2022-04-26,1.1
1831,2022-03-29,2.0
4320,2022-03-28,0.25
3003,2022-03-30,0.5
4190,2022-03-23,1.95
4003,2022-04-28,2.5
4071,2022-05-19,1.86
4342,2022-03-30,0.2
4334,2022-03-20,0.57
1111,2022-05-23,3.0
3050,2022-04-24,1.25
2190,2022-03-27,0.4
9403,2022-03-14,0.0219
3010,2022-05-12,1.5
4280,2022-10-16,0.07
4280,2022-07-14,0.07
4280,2022-04-26,0.07
1060,2022-04-25,0.36
4012,2022-04-26,0.75
7010,2022-03-17,1.0
4150,2022-05-31,0.5
4013,2022-04-27,0.7
2040,2022-03-03,0.75
7202,2022-06-15,4.0
4001,2022-03-30,2.0
4330,2022-03-30,0.47
1830,2022-03-03,0.87
4338,2022-03-08,0.35
3040,2022-03-02,0.6
1020,2022-02-21,0.35
2050,2022-06-06,0.2
3030,2022-04-20,2.0
1301,2022-02-21,0.45
4340,2022-02-27,0.28
7200,2022-03-14,1.0
4348,2022-03-24,0.125
9403,2022-02-13,0.0533
1180,2022-04-26,0.9
4700,2022-02-21,0.25
4333,2022-02-10,0.12
4321,2022-02-14,0.75
4335,2022-02-17,0.3
4200,2022-03-14,1.5
4002,2022-05-19,2.75
4336,2022-02-03,0.18
2270,2022-01-25,3.0
9403,2022-01-17,0.0054
2150,2022-01-30,0.5
4339,2022-02-13,0.18
1150,2022-04-25,0.4
4337,2022-01-24,0.15
6001,2022-05-11,2.0
1302,2022-02-06,0.75
4050,2022-01-17,0.2
9404,2022-01-13,0.8
4344,2022-01-20,0.1625
1050,2022-06-30,0.85
3092,2022-05-31,0.75
2290,2022-03-30,1.5
2230,2022-02-03,0.5
1080,2022-04-21,0.45
2330,2022-02-20,0.65
1030,2022-02-10,0.7
2020,2022-04-27,3.0
1010,2022-04-25,0.54
2280,2022-04-20,1.0
2010,2022-04-25,2.25
2310,2021-12-30,1.5
4004,2021-12-30,1.0
1304,2022-01-12,1.0
4347,2021-12-29,0.32
3060,2021-12-30,1.0
4081,2021-12-16,0.75
3001,2021-12-23,0.5
4331,2021-12-16,0.338
7020,2022-06-09,0.85
3040,2021-12-15,0.8
4291,2022-01-20,0.8
4261,2021-12-05,0.4
3007,2022-05-26,1.5
4090,2021-12-05,4.0
4007,2021-12-26,0.6
4180,2021-11-30,0.5
1830,2021-11-25,0.78
4190,2021-11-17,2.05
4348,2021-12-26,0.125
2170,2021-11-18,1.0
2222,2021-11-22,0.3518
9403,2021-11-14,0.0401
4333,2021-11-09,0.12
4013,2021-11-15,0.7
7010,2021-11-18,1.0
2330,2021-11-21,0.65
4320,2021-10-24,0.25
4336,2021-10-24,0.13
4342,2021-11-10,0.2
4339,2021-11-14,0.18
9403,2021-10-14,0.0355
4346,2021-11-11,0.05
4292,2021-11-21,1.0
4344,2021-10-21,0.1625
3002,2021-10-17,0.75
6016,2021-10-14,3.2
4004,2021-10-14,0.5
4030,2021-10-24,1.0
4261,2021-10-06,0.51
4050,2021-10-04,0.3
4324,2021-11-04,0.25
3092,2021-10-03,1.0
2080,2021-09-27,0.75
9403,2021-09-13,0.0165
4001,2021-09-22,2.0
4260,2021-09-20,0.6
4342,2021-09-21,0.2
3040,2021-09-07,1.0
1831,2021-09-02,1.75
4323,2021-10-14,0.5
3010,2021-09-06,1.25
4161,2021-09-05,1.25
4330,2021-09-12,0.27
2190,2021-11-23,0.4
3003,2021-09-02,0.75
4190,2021-08-25,1.4
1180,2021-08-23,0.65
1830,2021-08-26,0.45
2222,2021-09-01,0.3518
4013,2021-08-30,0.7
4191,2021-10-05,0.5
1302,2021-09-01,0.75
4340,2021-08-26,0.28
3004,2021-08-24,0.25
4700,2021-08-31,0.18
1020,2021-08-23,0.35
3080,2021-08-23,1.4
7010,2021-08-26,1.0
3005,2021-08-29,0.5
4348,2021-09-22,0.125
1150,2021-08-22,0.35
1060,2021-08-19,0.5
3050,2021-08-22,1.25
1301,2021-08-17,0.75
9403,2021-08-11,0.0519
2040,2021-08-15,0.75
3060,2021-08-17,1.25
4012,2021-09-30,0.75
4150,2021-09-30,1.0
4336,2021-08-05,0.13
4338,2021-08-12,0.35
4333,2021-08-09,0.24
4003,2021-08-05,2.0
7200,2021-09-15,1.0
4335,2021-08-10,0.3
1050,2021-08-05,0.65
4339,2021-08-19,0.18
2081,2021-09-19,1.5
2330,2021-08-30,0.65
1120,2021-07-14,1.4
4344,2021-07-28,0.1525
1080,2021-07-14,0.35
4342,2021-07-15,0.19
2310,2021-07-14,0.75
2010,2021-10-03,1.75
1010,2021-07-05,0.5
2290,2021-07-13,1.5
2020,2021-07-14,1.25
2270,2021-08-05,3.0
2250,2021-07-15,0.5
3030,2021-06-16,1.5
4190,2021-06-09,2.1
4347,2021-06-09,0.32
1304,2021-06-02,0.75
2222,2021-06-02,0.3518
3040,2021-05-30,1.1
4348,2021-07-01,0.125
4321,2021-07-15,0.75
2080,2021-07-06,0.5
9403,2021-05-19,0.0506
8210,2021-07-08,3.4
4013,2021-05-18,0.7
7010,2021-05-31,1.0
4336,2021-04-29,0.13
2230,2021-06-14,0.5
8010,2021-05-09,0.8
1180,2021-05-23,0.8
4339,2021-05-13,0.18
4344,2021-06-03,0.1525
4280,2022-01-16,0.125
4280,2021-10-17,0.125
4280,2021-07-15,0.125
2330,2021-05-31,0.65
4346,2021-05-06,0.15
4280,2021-04-18,0.125
9403,2021-04-14,0.0314
4290,2021-06-13,0.25
1182,2021-06-01,0.8
2090,2021-05-23,0.6
5110,2021-05-20,0.7
4050,2021-07-05,0.2
4005,2021-06-16,1.0
4007,2021-05-31,0.5
2120,2021-07-05,0.25
2070,2021-06-16,1.0
4004,2021-04-11,0.25
4330,2021-04-18,0.25
2222,2021-03-31,0.3518
4003,2021-04-12,2.0
1303,2021-05-09,0.5
4190,2021-03-31,2.35
1831,2021-04-05,2.0
4334,2021-03-30,0.39
4008,2021-04-11,0.75
4001,2021-04-01,3.0
4150,2021-05-06,0.65
1212,2021-04-20,0.75
3005,2021-05-10,0.4
6002,2021-05-10,1.0
2002,2021-05-05,0.75
3004,2021-03-28,0.25
3080,2021-04-28,2.5
1302,2021-04-04,0.6
4180,2021-03-31,0.2
4320,2021-06-13,0.5
4051,2021-05-07,1.75
1030,2021-05-02,0.4
2030,2021-05-10,0.75
1080,2021-04-12,0.4
3050,2021-04-25,2.5
1150,2021-04-21,0.3
1050,2021-05-31,0.4
3010,2021-05-02,1.25
1120,2021-04-06,1.0
2190,2021-05-31,0.8
3002,2021-04-13,0.75
1010,2021-04-06,0.5
3003,2021-03-21,0.5
9403,2021-03-14,0.0194
4002,2021-05-09,2.5
3007,2021-06-01,1.0
9404,2021-03-11,1.44
4013,2021-05-05,0.6
1301,2021-03-03,1.0
3001,2021-04-05,0.5
4338,2021-02-25,0.325
4260,2021-05-10,1.25
3040,2021-02-21,1.2
3030,2021-04-19,2.0
4340,2021-02-25,0.28
4348,2021-03-30,0.125
9403,2021-02-14,0.0499
4030,2021-05-09,1.0
2050,2021-05-24,0.75
4342,2021-02-18,0.19
7010,2021-05-24,1.0
4200,2021-04-28,1.0
4336,2021-02-08,0.1
4333,2021-02-07,0.16
2270,2021-01-25,3.0
7200,2021-01-20,1.1
4339,2021-02-14,0.204
4335,2021-01-20,0.3
2320,2021-02-09,1.0
4321,2021-01-14,0.5
3092,2021-04-28,1.0
6001,2021-02-21,1.5
2290,2021-04-14,1.25
6070,2021-02-11,0.25
4344,2021-01-21,0.125
1832,2021-05-20,0.5
1304,2021-02-25,1.0
2330,2021-04-20,0.65
2250,2021-01-14,0.5
7020,2021-06-06,0.5
4090,2021-04-15,0.5
2010,2021-05-03,1.5
2280,2021-04-21,1.0
2020,2021-04-25,1.0
4004,2020-12-28,0.5
2310,2021-01-06,0.5
3060,2021-03-15,1.25
4291,2021-01-24,0.8
2360,2020-12-14,1.0
4180,2020-12-07,0.2
4161,2020-11-30,2.0
3003,2020-11-25,1.0
4190,2020-11-18,2.1
4347,2020-11-25,0.2763
2222,2020-11-30,0.3518
4342,2020-11-26,0.18
3040,2020-11-22,1.25
9403,2020-11-12,0.0542
4348,2020-12-10,0.15
4050,2020-11-18,0.4
4292,2021-01-26,1.0
1302,2020-11-25,0.4
4013,2020-11-15,0.6
7010,2020-11-18,1.0
4336,2020-11-04,0.1
4344,2020-11-10,0.125
4331,2020-10-29,0.3
4323,2020-11-29,0.5
4333,2020-10-28,0.16
4339,2020-11-15,0.204
9403,2020-10-14,0.0342
2330,2020-11-09,0.65
3002,2020-10-15,0.75
4030,2020-10-22,1.0
1301,2020-10-08,1.0
3092,2020-10-04,0.75
