symbol,year,capital,total_liabilities,net_income,roe,roa,pe,eps,bvps,de
1201,2021,950000000,1080646000,19026000,0.03135,0.01127,128.6424,0.2842,9.0798,1.0941
1201,2022,950000000,1217030000,-158916000,-0.30514,-0.09518,-7.7436,-2.3767,6.5017,1.5075
1201,2023,464646000,1100647000,-223333000,-0.69969,-0.1511,-3.7359,-4.09,3.0474,3.6094
1201,2024,764646000,852388000,-75835000,-0.25474,-0.05952,-9.981,-1.05,5.1218,1.5186
1202,2021,500000000,887221889,220710095,0.2246,0.11802,9.8792,3.31,14.8293,0.7043
1202,2022,666666660,764228251,269698532,0.24929,0.14133,8.0864,4.05,17.7148,0.4861
1202,2023,666666660,862730540,-80269141,-0.07118,-0.0414,-28.75,-1.2,16.1144,0.5509
1202,2024,866666650,958566909,-77326129,-0.05769,-0.03445,-41.236,-0.89,18.5334,0.4414
1210,2021,275000000,447304369,34368495,0.06028,0.03195,32.04,1.25,20.7326,0.4874
1210,2022,275000000,567960439,40432242,0.06832,0.03464,22.9252,1.47,22.3078,0.6133
1210,2023,275000000,571010419,5518143,0.00915,0.00441,166,0.2,21.5399,0.5326
1210,2024,275000000,533865328,8505126,0.01425,0.00693,99.5161,0.31,21.8537,0.5111
1211,2021,12305911460,59369118054,5227700464,0.14663,0.05059,18.5142,1.4133,9.6569,1.3488
1211,2022,24611822920,55546418741,9319047152,0.2309,0.08672,17.1164,2.52,12.208,0.9549
1211,2023,36917734380,55058359289,1577326494,0.03448,0.01412,112.907,0.43,12.5812,0.841
1211,2024,38027858710,54933138491,2871544808,0.05842,0.0253,64.4872,0.78,13.6725,0.7237
1301,2021,351000000,57194125,46182991,0.10434,0.0924,22.6136,1.65,15.7633,0.0074
1301,2022,351000000,125098880,56675330,0.12705,0.10549,14.9068,2.0125,16.0093,0.0093
1301,2023,280800000,83634225,20419420,0.04971,0.03964,47.4603,0.63,13.2464,0.0094
1301,2024,280800000,72776397,16232927,0.0439,0.03624,49.9138,0.58,13.0894,0.0071
1304,2021,508000000,691722986,207831707,0.27227,0.13019,10.6112,4.09,15.0262,0.681
1304,2022,508000000,1135592305,-26655991,-0.03781,-0.01516,-43.0769,-0.52,12.7272,1.4231
1304,2023,508000000,1170531348,-130142311,-0.22348,-0.07015,-9.6641,-2.56,10.1997,1.8023
1304,2024,508000000,1093545933,70800717,0.12789,0.0396,24.0647,1.39,11.5961,1.4909
1320,2021,510000000,476802922,931645,0.00188,0.00096,1680.0001,0.015,9.7978,0.4729
1320,2022,510000000,487924633,54205644,0.10367,0.05392,16.8391,1.063,10.8922,0.4154
1320,2023,510000000,1150596330,173051631,0.27201,0.11227,10.6985,3.393,14.2825,0.7463
1320,2024,510000000,913171868,180630645,0.22802,0.08897,18.3794,3.542,17.064,0.6368
1321,2021,,,,,,,,,
1321,2022,210000000,380928570,-3245320,-0.0063,-0.00362,-373,-0.1,16.3489,0.5686
1321,2023,315000000,371875930,99920835,0.17678,0.10612,25.7098,3.17,19.5378,0.419
1321,2024,315000000,634894318,267507881,0.36461,0.21624,16.5371,8.49,27.0449,0.3463
2001,2021,674508630,884025310,244004449,0.23956,0.12825,9.9448,3.62,15.0895,0.6772
2001,2022,674508630,574459404,206428499,0.1843,0.11162,8.268,3.06,18.098,0.3062
2001,2023,674508630,608379362,-177800467,-0.15719,-0.10322,-7.6515,-2.64,15.4157,0.3584
2001,2024,674508630,1044184111,-286229346,-0.3164,-0.16614,-4.5792,-4.04,11.3882,0.8681
2010,2021,30000000000,107522000000,23066002000,0.12804,0.07223,15.0845,7.69,60.0469,0.2141
2010,2022,30000000000,95488558000,16529722000,0.09028,0.05227,16.225,5.51,62.0154,0.1871
2010,2023,30000000000,99097911000,-2772282000,-0.01569,-0.00913,-90.7609,-0.92,55.8095,0.2001
2010,2024,30000000000,94100634000,1538542000,0.00949,0.00538,131.3725,0.51,52.2777,0.2244
2020,2021,4760354000,2825888000,5228016000,0.33619,0.26333,16.0838,10.98,32.6673,0.0115
2020,2022,4760354000,6086708000,10036764000,0.56633,0.42792,6.9355,21.08,41.791,0.0124
2020,2023,4760354000,6504221000,3659449000,0.19446,0.13978,17.9714,7.69,37.271,0.012
2020,2024,4760354000,6010543000,3327172000,0.18374,0.13093,15.8798,6.99,38.8068,0.0104
2060,2021,6689142000,13417283000,1356388000,0.15587,0.0543,9.8325,2.03,13.0092,0.9351
2060,2022,6689142000,12262471000,666346000,0.07276,0.02685,12.36,1,14.374,0.741
2060,2023,6689142000,13193460000,201628000,0.0209,0.00806,41.2667,0.3,14.4661,0.7486
2060,2024,6689142000,14357485000,102802000,0.01064,0.00397,67.7333,0.15,14.4326,0.9699
2090,2021,316666667,27928037,20759125,0.04489,0.04234,68.1818,0.66,14.6024,0.0159
2090,2022,316666667,43068954,-6442845,-0.01573,-0.01448,-111.1,-0.2,11.262,0.0189
2090,2023,316666667,44105330,5127534,0.01427,0.01272,146.5,0.16,11.4361,0.0169
2090,2024,316666667,28308897,-12693428,-0.0358,-0.03248,-54.35,-0.4,10.9586,0.016
2150,2021,329000000,126963841,51114630,0.07984,0.06663,28.3871,1.55,19.4589,0.1177
2150,2022,329000000,128461919,104330993,0.15667,0.13146,10.3312,3.17,21.0241,0.0856
2150,2023,329000000,66830638,47878843,0.06775,0.05953,27.3973,1.46,21.9335,0.0212
2150,2024,329000000,78692392,96831561,0.13122,0.11944,18.4694,2.94,22.9266,0.035
2170,2021,692000000,1763623000,1622307000,0.62294,0.3123,2.3038,23.44,52.7818,0.4588
2170,2022,692000000,1422715000,64543000,0.02489,0.01291,40.0538,0.93,52.4597,0.4003
2170,2023,692000000,1554850000,-82245000,-0.0293,-0.01745,-25.0621,-1.61,43.8171,0.364
2170,2024,692000000,490516000,-50703000,-0.01554,-0.01004,-52.4658,-0.73,50.4788,0.0075
2180,2021,115000000,183356852,-9063067,-0.07547,-0.02987,-66.7089,-0.79,10.4424,0.8859
2180,2022,115000000,154996313,9795159,0.0777,0.03318,41,0.85,11.4812,0.5793
2180,2023,115000000,143027171,11989910,0.08697,0.04179,52.6923,1.04,12.4958,0.4144
2180,2024,115000000,136077381,930509,0.00644,0.00327,,,12.6475,0.346
2200,2021,400000000,454919000,-60116000,-0.56874,-0.10723,-14.6068,-0.3005,0.5285,2.8716
2200,2022,100000000,667242000,-10488000,-0.10133,-0.01578,-50.7936,-0.0525,0.5066,4.244
2200,2023,100000000,674594000,132105000,0.79003,0.15762,12.8889,0.66,1.1656,2.0117
2200,2024,150000000,530264000,168177000,0.53016,0.18287,14.5,0.84,2.0066,1.0442
2210,2021,235200000,820671000,27689000,0.07915,0.02366,27.4002,1.177,14.9783,1.5078
2210,2022,235200000,747111000,37016000,0.10062,0.03214,20.9657,1.574,16.4105,1.2663
2210,2023,235200000,777935000,-156885000,-0.50982,-0.14659,-4.8126,-6.67,9.7566,2.2924
2210,2024,235200000,855007000,11719000,0.04949,0.01113,,,10.3794,2.2981
2220,2021,354000000,150862198,-29130080,-0.0828,-0.05795,-26.1735,-0.98,9.9378,0.1216
2220,2022,354000000,130087782,-38997304,-0.11687,-0.08225,-15.3818,-1.1,8.9143,0.1066
2220,2023,354000000,113938352,-31470394,-0.10493,-0.07459,-22.3146,-0.89,8.0305,0.1013
2220,2024,354000000,128638135,-40296356,-0.15213,-0.10435,-15.5439,-1.14,6.9344,0.115
2223,2021,441000000,4119756906,1502515031,0.35399,0.17963,,8.9,25.1529,0.5567
2223,2022,1687500000,3561986000,1978080000,0.42414,0.23259,7.9352,11.72,30.2244,0.4353
2223,2023,1687500000,3987677000,1509612000,0.30339,0.17251,16.1693,8.98,28.9374,0.4371
2223,2024,1687500000,3341788000,972028000,0.2098,0.11714,19.3426,5.78,26.1357,0.2435
2240,2021,600000000,4565400000,-159417000,-0.1649,-0.02789,-10.4323,-2.66,16.1121,2.6419
2240,2022,600000000,5059169000,-178069000,-0.20496,-0.03038,-5.3535,-2.97,12.848,3.7717
2240,2023,600000000,5424772000,-297843000,-0.48719,-0.04931,-5.2923,-4.96,7.53,5.2127
2240,2024,600000000,5363929000,26805000,0.05763,0.00443,71.8889,0.45,7.9753,4.5363
2250,2021,4500000000,418111000,1136272000,0.15505,0.09229,12.3123,2.8111,18.095,0.09291355555555555556
2250,2022,7548000000,367240000,277440000,0.0308,0.02375,53.6097,0.4556,15.7319,0.04865394806571277160
2250,2023,7548000000,749808000,112201000,0.01084,0.01028,147.9997,0.1667,14.7538,0.09933863275039745628
2250,2024,7548000000,266931000,201243000,0.02027,0.01928,61.8519,0.3,14.477,0.03536446740858505564
2290,2021,5625000000,3118519000,1531299000,0.1018,0.08432,25.2574,2.72,26.742,0.0097
2290,2022,5625000000,2628738000,414145000,0.02847,0.02377,56.2162,0.74,24.9793,0.0105
2290,2023,5625000000,2881083000,-485144000,-0.03739,-0.03084,-44.2442,-0.86,21.157,0.0095
2290,2024,5625000000,2887516000,420334000,0.03633,0.02908,50.4,0.75,19.9763,0.0094
2300,2021,192000000,764117908,30275860,0.14243,0.03097,17.9787,1.5168,6.6353,2.8508
2300,2022,337000000,655809266,46894939,0.15278,0.04607,14.3333,1.4727,10.8261,1.255
2300,2023,337000000,604541279,72935736,0.16691,0.06829,20.4661,1.97,12.789,0.9081
2300,2024,370700000,710363933,83237867,0.16894,0.07232,28.8444,2.25,13.8763,0.9467
2310,2021,7333333000,8742992000,3591844000,0.24627,0.14682,8.5714,4.9,19.8888,0.3798
2310,2022,7333333000,6738483000,3595291000,0.23659,0.14999,6.9286,4.9,21.5554,0.2197
2310,2023,7333333000,5601573000,1174994000,0.0749,0.05165,21.2812,1.6,21.2308,0.1747
2310,2024,7333333000,5111792000,426139000,0.02766,0.01977,42.8966,0.58,20.7807,0.1482
2330,2021,2164734000,1934729000,815395000,0.21836,0.13842,18.7075,3.136,14.375,0.2846
2330,2022,2600000000,4619868000,294501000,0.08446,0.04169,37.4449,1.135,12.4597,1.2237
2330,2023,2600000000,7865375000,171061000,0.05288,0.01736,59.2424,0.66,12.4234,2.1948
2330,2024,2600000000,9408300000,-259180000,-0.08494,-0.02149,-32.1,-1,11.0494,2.9534
2350,2021,15000000000,16427355000,2390616000,0.14516,0.07267,10.7044,1.59,10.9795,0.8123
2350,2022,15000000000,12795951000,-1243890000,-0.07787,-0.04067,-16.4578,-0.83,10.3182,0.6507
2350,2023,15000000000,13396718000,-2136474000,-0.14857,-0.07775,-7.7183,-1.42,8.8561,0.7656
2350,2024,15000000000,13366443000,-1803717000,-0.14554,-0.06998,-5.85,-1.2,7.6686,0.7284
2360,2021,150000000,36482403,-2055341,-0.00742,-0.00656,-549.2857,-0.14,18.4623,0.0174
2360,2022,150000000,33045314,-8762676,-0.03213,-0.0285,-67.4138,-0.58,17.9023,0.0227
2360,2023,150000000,30258143,-59140066,-0.24724,-0.21834,-12.132,-3.94,13.9916,0.0326
2360,2024,150000000,52919528,-108445350,-0.69536,-0.54897,-5.2766,-7.23,6.8024,0.2626
3002,2021,1700000000,421583000,165546000,0.08493,0.06983,18.6186,0.97,11.4662,0.1446
3002,2022,1700000000,429785000,112809000,0.05768,0.04737,18.2727,0.66,11.5433,0.1441
3002,2023,1700000000,503954000,55162000,0.02803,0.02265,35.6875,0.32,11.6121,0.1727
3002,2024,1700000000,434378000,68429000,0.03407,0.02762,22.675,0.4,12.0136,0.1466
3003,2021,1400000000,125870945,160280269,0.08758,0.08194,19.7719,1.14,13.0723,0.0028
3003,2022,1400000000,122148587,115010427,0.06303,0.05902,24.3902,0.82,12.9935,0.0021
3003,2023,1400000000,88035682,82001085,0.04562,0.0431,35.1525,0.59,12.687,0.0013
3003,2024,1400000000,99685045,144119933,0.08071,0.07668,17.6699,1.03,12.8224,0.0009
3004,2021,1800000000,1050856987,106062313,0.04801,0.03249,22.7458,0.59,12.2738,0.3729
3004,2022,1800000000,1178538927,112023420,0.05049,0.03356,17.3871,0.62,12.3801,0.3947
3004,2023,1800000000,1277206456,56259215,0.02518,0.01623,34,0.31,12.445,0.427
3004,2024,1800000000,1309958732,100799650,0.04488,0.02846,16.5179,0.56,12.5123,0.4345
3005,2021,550000000,442478624,81436401,0.10822,0.06815,15.9189,1.48,13.6818,0.4901
3005,2022,550000000,418083601,22986944,0.03035,0.01936,39.7619,0.42,13.8571,0.4187
3005,2023,550000000,418432386,3951063,0.00517,0.00334,243.1429,0.07,13.9279,0.4095
3005,2024,550000000,370612317,47719184,0.06042,0.04029,21.4023,0.87,14.7926,0.3422
3007,2021,150000000,265355654,64571683,0.21388,0.11383,19.8374,2.87,13.4181,0.7492
3007,2022,225000000,288541337,15739163,0.05267,0.02734,44.7143,0.7,13.1451,0.8592
3007,2023,225000000,291337394,33873193,0.11072,0.05685,24.4702,1.51,14.0487,0.7938
3007,2024,225000000,265269508,12077393,0.03934,0.02064,60,0.54,13.2384,0.7531
3008,2021,113022000,47281074,8586814,0.06419,0.04738,90.7792,0.0385,0.5918,0.272
3008,2022,113022000,66439559,1709762,0.01271,0.00893,59.25,0.03,0.5982,0.3539
3008,2023,113022000,169684582,-4138744,-0.03109,-0.01646,-133,-0.02,0.5797,1.1014
3008,2024,113022000,175205423,-19004824,-0.15632,-0.06458,-32.25,-0.08,0.496,1.1978
3010,2021,1000000000,599784000,161520000,0.05874,0.04705,23.3333,1.62,27.4969,0.0951
3010,2022,1000000000,557987000,181006000,0.06723,0.05392,18.5359,1.81,26.3526,0.0897
3010,2023,1000000000,472654000,139633000,0.05362,0.04352,24.6071,1.4,25.7311,0.0586
3010,2024,1000000000,433745000,160097000,0.06231,0.0514,16.25,1.6,25.6541,0.035
3020,2021,2025000000,1642813468,153665412,0.0359,0.02594,34.2105,0.76,21.1357,0.2759
3020,2022,2025000000,1699548778,355798550,0.07967,0.05798,15.3409,1.76,22.9692,0.2383
3020,2023,2025000000,1749432045,304251843,0.06484,0.04742,22.7667,1.5,23.3744,0.2797
3020,2024,2025000000,2473498785,420705984,0.08786,0.06097,16.851,2.08,23.9177,0.3702
3030,2021,1530000000,958971000,331920000,0.13641,0.09785,25.2535,2.17,15.9039,0.1535
3030,2022,1530000000,984639000,398838000,0.16878,0.11959,19.5402,2.61,14.9867,0.1516
3030,2023,1530000000,1054821000,381027000,0.17116,0.11739,21.1245,2.49,14.1131,0.2064
3030,2024,1530000000,896439000,421874000,0.19177,0.13285,15.4529,2.76,14.6439,0.1334
3040,2021,900000000,287784082,291872242,0.1685,0.14449,23.3642,3.24,19.2464,0.0012
3040,2022,900000000,261651061,130512557,0.07684,0.06614,42.1379,1.45,18.4975,0.0009
3040,2023,900000000,225505013,141970722,0.08753,0.0761,40.3165,1.58,17.5478,0.0004
3040,2024,1105590000,373019979,301349338,0.13876,0.12196,17.651,2.98,25.1821,0.0032
3050,2021,1400000000,818252446,429150690,0.13468,0.10716,22.8339,3.07,22.7605,0.1031
3050,2022,1400000000,666219811,300708182,0.09409,0.07636,23.7209,2.15,22.8971,0.079
3050,2023,1400000000,797170962,195401445,0.0602,0.04913,30.3929,1.4,23.4729,0.1103
3050,2024,1400000000,1056891312,243746337,0.07322,0.05727,19.8276,1.74,24.0819,0.1925
3060,2021,1575000000,565646762,159556334,0.05709,0.04703,35.8416,1.01,17.745,0.1011
3060,2022,1575000000,580596601,215407476,0.07744,0.0639,26.0584,1.37,17.579,0.0618
3060,2023,1575000000,715545913,119921196,0.04425,0.03571,45.3289,0.76,16.8381,0.1575
3060,2024,1575000000,644590239,157120485,0.05976,0.04748,24.3,1,16.5466,0.1222
3080,2021,860000000,382463000,192847000,0.08028,0.06925,18.3891,2.39,27.9333,0.0023
3080,2022,860000000,494777000,143300000,0.06001,0.0507,24.1018,1.67,27.598,0.003
3080,2023,860000000,456105000,196492000,0.08253,0.0688,16.7105,2.28,27.7675,0.0028
3080,2024,860000000,470836000,247883000,0.1059,0.08839,11.9444,2.88,26.6702,0.0026
3090,2021,900000000,462684363,17757321,0.01401,0.01026,88.6294,0.197,14.0827,0.2173
3090,2022,900000000,388039212,20967188,0.01641,0.01231,64.0343,0.233,14.3179,0.1668
3090,2023,900000000,352209511,15012235,0.01164,0.00904,81.4371,0.167,14.3494,0.1252
3090,2024,900000000,309592734,79562528,0.06381,0.05043,14.5475,0.884,13.3582,0.0822
3091,2021,1430000000,836163395,-92640127,-0.08404,-0.04779,-16.8421,-0.85,10.1431,0.5634
3091,2022,1087000000,843448927,30893914,0.02797,0.01589,39.5,0.28,10.1834,0.5483
3091,2023,1087000000,911270225,37678330,0.03347,0.01881,34.6857,0.35,10.5287,0.5339
3091,2024,1087000000,977887202,-27731380,-0.02453,-0.01336,-39.5385,-0.26,10.2712,0.6532
3092,2021,1200000000,225713170,213730732,0.12859,0.11322,18.5393,1.78,13.8507,0.0021
3092,2022,1200000000,215805876,189839971,0.11377,0.10048,20.1266,1.58,13.9599,0.0021
3092,2023,1200000000,158740390,188772499,0.11253,0.10123,22.1656,1.57,13.9981,0.0023
3092,2024,1200000000,189220959,310439020,0.17939,0.163,12.4517,2.59,14.8437,0.0023
1831,2021,375000000,465234464,144925035,0.25317,0.13986,19.6891,0.3217,1.2721,0.0425
1831,2022,375000000,1150504852,113462364,0.20122,0.08278,17.0304,0.252,1.234,1.0694
1831,2023,475000000,1180736798,100225936,0.1783,0.05807,36.1364,0.22,1.2643,1.0766
1831,2024,475000000,1245167542,127482444,0.21353,0.07049,22,0.28,1.3892,1.0356
1832,2021,175000000,64292022,3599087,0.01968,0.01456,106.6667,0.096,1.045,0.1879
1832,2022,175000000,56088262,-7215933,-0.04019,-0.0301,-78.7805,-0.041,1.007,0.101
1832,2023,175000000,68190475,-4245445,-0.0244,-0.01798,-133.75,-0.024,0.9813,0.2003
1832,2024,175000000,101935989,-3753257,-0.02213,-0.01474,-153.8095,-0.021,0.9572,0.3319
1833,2021,100000000,172021167,55660953,0.23886,0.13742,,3.7107,15.5349,0.0837
1833,2022,150000000,211032886,75987371,0.28888,0.16716,,5.0658,19.5377,0.0711
1833,2023,150000000,332729820,88766985,0.27872,0.15036,21.0811,5.92,22.9257,0.1184
1833,2024,150000000,462337239,95423397,0.25724,0.12417,16.5723,6.36,26.5341,0.138
1834,2021,,,,,,,,,
1834,2022,,,,,,,,,
1834,2023,400000000,490758993,166287356,0.31874,0.16424,,0.4157,1.3043,0.0493
1834,2024,400000000,495034552,126423825,0.22534,0.11996,23.9375,0.32,1.5009,0.0753
1835,2021,,,,,,,,,
1835,2022,,,,,,,,,
1835,2023,200000000,148840707,59829040,0.19923,0.1328,,2.2577,11.3323,0.0414
1835,2024,265000000,204097856,85508204,0.2631,0.16997,19.8452,3.23,13.1963,0.0444
4270,2021,600000000,1060305825,-59297476,-0.0924,-0.03484,-22.1818,-0.99,10.6958,1.2989
4270,2022,600000000,1103521569,-9219476,-0.01441,-0.00535,-116.6667,-0.15,10.6323,1.2915
4270,2023,600000000,1022701288,-132304036,-0.23224,-0.08103,-7.0407,-2.21,8.3574,1.5541
4270,2024,600000000,926067643,-219413027,-0.56054,-0.16065,-3.3443,-3.66,4.6902,2.3381
6004,2021,820000000,1058112338,14055459,0.01611,0.00728,458.2353,0.17,10.6405,0.5438
6004,2022,820000000,911268650,257103138,0.25808,0.12979,23.8854,3.14,13.6576,0.2745
6004,2023,820000000,908823567,282657704,0.23496,0.13377,37.3913,3.45,15.6838,0.1903
6004,2024,820000000,1236022691,352770108,0.2577,0.1445,,,17.7051,0.2611
1212,2021,800000000,1383893744,202368832,0.13941,0.07007,15.7312,2.53,18.1455,0.3848
1212,2022,800000000,1611766736,474316220,0.28737,0.14792,8.7184,5.93,23.1173,0.2859
1212,2023,800000000,2141001450,475326552,0.23902,0.12192,22.4242,5.94,26.5988,0.4565
1212,2024,800000000,1797093481,589340930,0.25339,0.13705,24.4233,7.37,31.5476,0.2043
1214,2021,630000000,852487000,27423000,0.04402,0.01842,50.3636,0.4992,11.2183,0.7819
1214,2022,482334000,943720000,32832000,0.05141,0.02115,28.1176,0.591,11.7956,0.8661
1214,2023,482334000,791096000,65427000,0.09538,0.04188,20.5852,1.18,12.9321,0.5763
1214,2024,555000000,795308000,81586000,0.10764,0.0526,18.4014,1.47,14.3814,0.3628
1302,2021,600000000,1412850000,170342000,0.23034,0.07733,12.3415,2.84,12.3252,0.9716
1302,2022,600000000,1353414000,162850000,0.20318,0.07261,10.8303,2.71,14.3915,0.7187
1302,2023,600000000,1203192000,136040000,0.15256,0.06118,20.0881,2.27,15.3321,0.4859
1302,2024,600000000,1636428000,106032000,0.11471,0.04453,31.6384,1.77,15.4798,0.9789
1303,2021,450000000,660230498,48845470,0.0831,0.03914,25.3211,0.0436,0.5284,0.4406
1303,2022,450000000,1043008429,94170010,0.15456,0.06446,11.75,0.08,0.567,0.7254
1303,2023,562500000,1151124984,201033987,0.29229,0.11263,15.7778,0.18,0.6695,0.5584
1303,2024,562500000,1004926370,401730829,0.47518,0.20886,20.1111,0.36,0.8504,0.0964
2040,2021,800000000,1151767000,233792000,0.13985,0.08164,18.8055,2.344,16.7172,0.4329
2040,2022,800000000,1237597000,173920000,0.10167,0.05908,13.0963,1.744,17.497,0.4267
2040,2023,800000000,1354611000,-210351000,-0.12928,-0.07139,-9.4592,-2.33,15.0451,0.5928
2040,2024,1000000000,1251909000,-71859000,-0.04908,-0.02592,-42.625,-0.8,14.2408,0.5852
2110,2021,360614000,988919000,-194309000,-2.31878,-0.18159,-19.5704,-5.39,12.5574,5.6184
2110,2022,66729000,1293263000,-580476000,2.81316,-0.62429,-2.2825,-25.04,-74.403,-0.9524
2110,2023,66729000,1053717000,17804000,-0.03634,0.02618,21.4232,2.67,-72.4314,-0.2289
2110,2024,66729000,1158935000,48758000,-0.10802,0.07445,13.8356,7.3,-62.8573,-0.2598
2160,2021,320000000,1958982000,-171317000,-0.52648,-0.07437,-3.1446,-18.4265,10.7748,3.4803
2160,2022,99000000,1921520000,-8781000,-0.02649,-0.00383,-111.5608,-0.2913,11.2141,3.3992
2160,2023,99000000,2114902000,-174656000,-0.69131,-0.07607,-15.2792,-3.94,5.5745,6.8609
2160,2024,445500000,1118103000,439836000,0.83902,0.20271,2.8579,9.92,19.8652,0.299
2320,2021,426313120,1610572517,51029030,0.06261,0.0209,26.25,0.8,12.7451,1.3654
2320,2022,426313120,1961086679,52630638,0.06425,0.02009,16.8353,0.83,12.8735,1.6764
2320,2023,639469680,2007933790,141491850,0.16376,0.04941,12.4434,2.21,14.1498,1.4252
2320,2024,639469680,1793467342,265748386,0.26892,0.0914,9.375,4.16,16.7574,0.8877
2370,2021,400000000,327781894,-22716042,-0.06713,-0.0341,-35.5088,-0.57,8.4592,0.2465
2370,2022,400000000,439782782,-11788217,-0.03536,-0.01644,-34.1379,-0.29,8.2074,0.3245
2370,2023,400000000,393495121,48935113,0.13864,0.06358,18.3115,1.22,9.4409,0.0427
2370,2024,400000000,464435998,90997994,0.21618,0.10707,19.1189,2.27,11.6063,0.1989
4110,2021,300000000,737049017,-9649264,-0.04273,-0.00992,-76.6875,-0.032,0.4731,1.2351
4110,2022,600000000,876296229,-30837648,-0.08926,-0.0265,-47.32,-0.05,0.7753,0.5021
4110,2023,600000000,1009901565,-13890857,-0.03016,-0.00982,-92.1739,-0.023,0.7602,0.5451
4110,2024,600000000,1104267457,-56556790,-0.13256,-0.03788,-38.9362,-0.094,0.6619,0.7479
4140,2021,64800000,11188549,-14883172,-1.14818,-0.61626,-42.7393,-0.0914,0.0795,0.0743
4140,2022,194400000,8670520,-21093008,-0.24387,-0.21876,-20.2614,-0.153,0.8232,0
4140,2023,194400000,9233161,-15604475,-0.1025,-0.09681,-35.375,-0.08,0.743,0.04749568415637860082
4140,2024,194400000,8811967,-19566893,-0.14527,-0.13615,-24.5,-0.1,0.6427,0.04532904835390946502
4141,2021,60000000,76532013,9934641,0.0858,0.05179,65.1807,0.9759,11.3443,0.4126
4141,2022,60000000,75219786,5791528,0.05009,0.03032,42.9693,0.97,11.3129,0.396
4141,2023,120000000,82717786,-13906393,-0.10114,-0.06444,-21.798,-2.03,13.2953,0.3296
4141,2024,120000000,54957522,-3523471,-0.02235,-0.01562,-133.9655,-0.29,12.979,0.1963
4142,2021,1500000000,1916600086,239832593,0.11782,0.06068,,1.5989,13.5709,0.6559
4142,2022,1500000000,2503340219,352319866,0.16953,0.08216,15.4255,2.35,14.1379,0.6968
4142,2023,1500000000,2584730610,518769603,0.23756,0.10974,26.763,3.46,15.0066,0.3252
4142,2024,1500000000,3187707202,816689852,0.33532,0.15348,25.2844,5.45,17.5287,0.1678
4143,2021,,,,,,,,,
4143,2022,,,,,,,,,
4143,2023,400000000,176295844,80126183,0.16574,0.12145,,2.0032,12.086,0.2211
4143,2024,400000000,177565537,82646390,0.16712,0.12308,26.7633,2.07,12.6408,0.088
4144,2021,125000000,44177837,24882353,0.23598,0.1663,,1.9906,8.4355,0.0192
4144,2022,62500000,46898631,30743382,0.28931,0.20252,22.9675,2.46,8.567,0.3473
4144,2023,62500000,45092756,46575187,0.38252,0.27764,15.6533,3.75,10.9145,0.2653
4144,2024,62500000,47357469,42855291,0.28835,0.21994,25.1304,3.45,12.8655,0.2285
4145,2021,240000000,313106813,173681580,0.41569,0.23762,,5.43,13.0567,0.5604
4145,2022,240000000,148183576,177647740,0.37255,0.2511,11.973,5.55,16.7458,0.162
4145,2023,320000000,102556767,67664553,0.11893,0.0957,26.0664,2.11,18.8123,0.067
4145,2024,320000000,143184036,1318003,0.00232,0.00184,1200,0.04,16.7669,0.156
1810,2021,3000000000,2385031350,-371535799,-0.06746,-0.04708,-13.5906,-1.27,22.9995,0.2144
1810,2022,3000000000,3098520718,-47729661,-0.00874,-0.00581,-108.875,-0.16,20.9904,0.2971
1810,2023,3000000000,4514813643,225708068,0.03764,0.02265,35.6201,0.758,24.3807,0.3443
1810,2024,3000000000,4418191919,-198975107,-0.03155,-0.01789,-33.2249,-0.676,21.5802,0.3388
1820,2021,650000000,1786105000,-173715000,-0.46692,-0.08049,-5.2747,-0.676,1.1811,4.0062
1820,2022,315000000,1776772000,-81488000,-0.24611,-0.03857,-6.8846,-0.26,0.9212,5.0913
1820,2023,315000000,1843659000,-89819000,-0.36394,-0.04368,-7.8621,-0.29,0.6458,7.4153
1820,2024,315000000,1718803000,5200000,0.02536,0.00262,123.5,0.02,0.656,6.676
1830,2021,523833610,1789248427,206020219,0.26301,0.08008,27.7149,3.9329,14.9771,1.6678
1830,2022,523833610,1759610876,254758323,0.30006,0.09711,17.284,4.86,17.4909,1.2799
1830,2023,523833610,2309455390,356244132,0.35553,0.11727,29.9118,6.8,20.7935,1.4647
1830,2024,523833610,2482610108,456978822,0.39351,0.12833,21.2371,8.73,23.5582,1.3846
4170,2021,52566930,15044425,-14036427,-0.25318,-0.19914,-62.0017,-0.0213,0.0818,0.28619561766304404689
4170,2022,578236230,19905955,-7232908,-0.02386,-0.02256,-12,-0.06,0.4763,0.03442529880910436899
4170,2023,578236230,27861255,-44196274,-0.0836,-0.07999,-15,-0.04,0.438,0
4170,2024,578236230,30612028,6367340,0.01261,0.01192,96,0.01,0.4356,0.0005
4290,2021,650000000,1388594867,-35847636,-0.05721,-0.01776,-24.7838,-0.74,9.6392,1.8586
4290,2022,650000000,1475207296,-15311505,-0.02554,-0.00747,-57.3333,-0.24,8.8045,2.0963
4290,2023,650000000,1563881547,-47680945,-0.09278,-0.02297,-35.2055,-0.73,7.0079,2.7028
4290,2024,650000000,1580573823,81067928,0.16586,0.03842,25.48,1.25,8.0311,2.4457
4291,2021,430000000,245621674,24457508,0.03977,0.02842,105.2632,0.57,14.3023,0.1679
4291,2022,430000000,353135300,71046522,0.11228,0.07622,41.3939,1.65,15.129,0.2363
4291,2023,430000000,629078421,101784524,0.15021,0.08709,49.8734,2.37,16.3889,0.4677
4292,2021,400000000,589663203,35521640,0.0478,0.02644,65.0562,0.89,18.5799,0.7086
4292,2022,420872150,1189029574,70615973,0.09026,0.04136,32.4405,1.68,19.5196,1.2768
4292,2023,420872150,1236634556,67786016,0.0843,0.03263,44.5963,1.61,18.6938,1.3295
4292,2024,420872150,1310242654,63370908,0.07981,0.02976,47.4172,1.51,19.0395,1.4371
6002,2021,646800000,956561199,151791474,0.14545,0.07589,26.5532,2.35,16.1348,0.6222
6002,2022,646800000,937947095,3546104,0.00338,0.00178,688,0.05,16.3351,0.5681
6002,2023,646800000,873194410,8386476,0.00803,0.0043,249.2308,0.13,15.9783,0.5591
6002,2024,646800000,792629577,-116524061,-0.119,-0.0643,-13.9444,-1.8,14.301,0.5645
6012,2021,337500000,116919297,-42207449,-0.203,-0.12993,-12.6251,-3.4042,13.1075,0.3545
6012,2022,158084670,95964506,-24621384,-0.12533,-0.08129,-11.8236,-1.766,11.702,0.3518
6012,2023,158084670,112204253,-30889166,-0.18221,-0.11289,-13.8462,-1.95,9.7453,0.4707
6012,2024,158084670,115459673,-73105420,-0.62208,-0.31599,-4.7186,-4.62,5.1225,0.763
6013,2021,30000000,65928949,2348659,0.07213,0.02373,362.0513,0.78,10.8546,1.6275
6013,2022,30000000,62343752,-3223093,-0.10998,-0.03434,-143.7383,-1.07,8.6837,1.7938
6013,2023,30000000,66486452,-5168411,-0.22005,-0.05861,-79.5322,-1.71,6.9745,2.156
6013,2024,30000000,48171089,1299272,0.06016,0.01644,306.9767,0.43,7.4234,1.405
6014,2021,255000000,409541250,118587389,0.34811,0.15814,,4.7058,13.5183,0.6806
6014,2022,255000000,427437285,115555901,0.34226,0.15294,30.372,4.57,13.2613,0.6896
6014,2023,255000000,398624144,57976024,0.17631,0.07834,42.0175,2.28,12.7867,0.6168
6014,2024,255000000,357184414,38335348,0.12308,0.05583,49.6027,1.51,11.8507,0.6018
6015,2021,0,948202000,203917000,1.58622,0.18744,,0.0807,0.0153,3.0467
6015,2022,168473000,1044796000,259226000,1.25497,0.21349,99.1225,0.0308,0.0338,1.5931
6015,2023,168473000,1105479000,259466000,0.71683,0.1791,104.8701,0.0308,0.0522,1.1643
6015,2024,168473000,1109276000,158759000,0.38081,0.10362,120.8908,0.0189,0.047,1.4675
6016,2021,25000000,88932939,15367655,0.28073,0.10696,,0.4391,1.5641,1.0519
6016,2022,35000000,94303046,2696972,0.0483,0.01829,,0.077,1.6267,1.0555
6016,2023,35000000,76282047,12285277,0.19531,0.0829,,0.35,1.9676,0.6025
6016,2024,35000000,79185637,8445501,0.11986,0.05699,87.3333,0.24,2.0588,0.5613
6017,2021,96000000,305700009,117068284,0.62514,0.23697,,0.5683,0.9091,0.1397
6017,2022,104918030,406919485,58977006,0.09892,0.06192,,0.29,4.8793,0.1283
6017,2023,104918030,505316896,125336967,0.11623,0.08187,,0.61,5.59,0.085
6017,2024,104918030,520635218,187979245,0.15718,0.1099,32.9348,0.92,6.1236,0.0579
2030,2021,150000000,3942928,6592233,0.01178,0.0117,312.7273,0.44,37.3023,0.02628618666666666667
2030,2022,150000000,6413333,28230062,0.05655,0.05597,38.5106,1.88,29.2547,0.04275555333333333333
2030,2023,150000000,7202722,7701643,0.01765,0.01738,182.3529,0.51,28.9341,0
2030,2024,150000000,16899199,-53487697,-0.13759,-0.13346,-20.1961,-3.57,22.898,0.0015
2222,2021,60000000000,882022000000,395203000000,0.355,0.18274,18.0808,1.6364,4.6023,0.4589
2222,2022,75000000000,826777000000,597215000000,0.46618,0.25656,11.8145,2.47,5.9893,0.2713
2222,2023,90000000000,740848000000,452753000000,0.3035,0.18216,17.6471,1.87,6.3427,0.1891
2222,2024,90000000000,772275000000,393891000000,0.26322,0.16072,17.2086,1.63,6.0294,0.219
2380,2021,8760000000,65056112000,2036661000,0.24521,0.02776,11.5375,1.2567,6.6414,6.0153
2380,2022,16710000000,50323871000,-1114881000,-0.09464,-0.01605,-13.519,-0.79,9.1292,2.4065
2380,2023,16710000000,52652198000,-4692733000,-0.3637,-0.07288,-3.6797,-2.81,6.314,3.6771
2380,2024,16710000000,50433267000,-4544527000,-0.44655,-0.07363,-3.0368,-2.72,5.8667,3.2489
2381,2021,22580000,2352451306,273583505,0.06527,0.04181,,3.074,47.0985,0.3299
2381,2022,890000000,3964223728,557719959,0.11403,0.06929,16.438,6.85,62.807,0.4879
2381,2023,890000000,4725052405,604613933,0.10468,0.05974,28.1296,6.79,66.9823,0.535
2381,2024,890000000,4596655659,321364737,0.05401,0.03029,30.9141,3.61,66.7212,0.5091
2382,2021,,,,,,,,,
2382,2022,,,,,,,,,
2382,2023,1129063000,13645545000,442097000,0.07691,0.02276,40.678,0.59,5.2486,1.8853
2382,2024,1129063000,15090706000,802498000,0.13112,0.0391,23.7808,0.73,5.8975,1.9363
4030,2021,3937500000,11689621000,192433000,0.02044,0.00889,66.5641,0.208,10.2,1.0763
4030,2022,4921875000,11782747000,1040909000,0.10459,0.04673,13.948,1.128,11.3682,0.949
4030,2023,7382812000,10464009000,1613428000,0.14451,0.07014,10.0731,1.752,12.8283,0.7058
4030,2024,7382812000,12023711000,2169392000,0.17039,0.08727,8.8946,2.352,14.7643,0.7137
4200,2021,750000000,4440243098,176804966,0.17767,0.03253,28.3051,1.77,9.9515,3.027
4200,2022,750000000,5249349373,241826918,0.22982,0.04101,23.1056,2.415,11.0934,3.1229
4200,2023,750000000,6270210380,280814473,0.23947,0.04051,47.3488,2.81,12.3592,3.369
4200,2024,1000000000,6963835876,338047048,0.24898,0.04239,35.5621,3.38,14.7949,2.8541
1213,2021,211632000,350000000,-85517000,-0.78475,-0.18632,-2.4641,-11.54,10.0003,2.4322
1213,2022,108973000,306585000,-1376000,-0.01284,-0.00316,-234.9237,-0.09,,2.0915
1213,2023,108973000,302458000,-15931000,-0.16295,-0.0396,-42.2603,-1.46,8.2726,2.1494
1213,2024,108973000,268184000,-42594000,-0.61696,-0.1202,-24.8849,-3.91,,3.4779
2130,2021,400000000,89590101,-24495507,-0.12007,-0.0814,-33.1148,-1.8074,15.112,0.0806
2130,2022,400000000,101362791,-38772314,-0.20906,-0.13433,-10.6598,-2.8741,12.3636,0.2163
2130,2023,400000000,101342872,-74439441,-0.56183,-0.30858,-18.0964,-1.86,7.2651,0.3288
2130,2024,135000000,100981623,-16905612,-0.19676,-0.08764,-19.2115,-1.5407,5.4635,0.4343
2340,2021,812500000,257540000,-47754000,-0.04361,-0.03531,-50.0847,-0.59,13.4757,0.1561
2340,2022,812500000,327128000,-57867000,-0.0487,-0.03909,-22,-0.71,15.772,0.1868
2340,2023,812500000,361550000,-74790000,-0.06025,-0.04717,-18.1304,-0.92,14.7834,0.212
2340,2024,812500000,439074000,-144454000,-0.12901,-0.09503,-8.9775,-1.78,12.7787,0.242
4011,2021,575000000,1095651403,22042833,0.04853,0.01422,46.6364,0.44,7.899,2.1577
4011,2022,575000000,1292781749,34161868,0.08099,0.02114,20.9153,0.59,6.7731,0.086
4011,2023,575000000,1388856118,30833786,0.08223,0.01797,26.2963,0.54,6.2691,0.111
4011,2024,575000000,1542059971,11700333,0.03658,0.00655,,,4.8578,0.2647
4012,2021,400000000,107456155,59730268,0.10312,0.08699,32.2819,0.149,1.448,0.0332
4012,2022,400000000,131951989,53436256,0.09279,0.07682,29.0769,0.13,1.4313,0.0421
4012,2023,400000000,113082915,76915786,0.13293,0.1097,24.6842,0.19,1.4617,0.0407
4012,2024,400000000,146492510,83903649,0.14249,0.11676,20.2381,0.21,1.4825,0.0521
4180,2021,275000000,18542373,149638380,0.29484,0.28444,12.6161,0.323,1.8456,0.0016
4180,2022,275000000,24880073,-31865495,-0.06686,-0.06395,-24.7917,-0.12,1.6206,0.0107
4180,2023,275000000,17476469,5207720,0.01129,0.0108,155,0.02,1.7333,0.0075
4180,2024,275000000,20839204,14515058,0.03045,0.02928,84.2,0.05,1.7332,0.0047
2190,2021,816000000,2698664868,57878318,0.03895,0.01159,43.2394,0.71,18.211,0.5511
2190,2022,816000000,2742141013,36729508,0.02447,0.00731,45.1111,0.45,18.5775,0.5799
2190,2023,816000000,3675258714,71203083,0.04708,0.01289,35.2874,0.87,18.5511,0.9623
2190,2024,816000000,3623088569,-741877,-0.0005,-0.00012,-3200,-0.01,18.169,0.9331
4031,2021,1880000000,2581972000,-254410000,-0.11234,-0.05249,-21.8889,-1.35,12.0464,0.5668
4031,2022,1880000000,2268553000,-244488000,-0.11198,-0.05305,-16.8,-1.3,11.181,0.3601
4031,2023,1880000000,1887640000,211477000,0.0954,0.04924,32.2768,1.12,12.4016,0.1445
4031,2024,1880000000,1754059000,327034000,0.13499,0.07707,29.3678,1.74,13.3707,0.0661
4040,2021,1250000000,3731547000,-216188000,-0.20596,-0.04522,-11.6416,-1.73,8.3972,1.5255
4040,2022,1250000000,3734399000,-90872000,-0.09111,-0.01922,-21.8356,-0.73,7.5607,1.8142
4040,2023,1250000000,3114527000,-35584000,-0.03828,-0.00817,-74.0714,-0.28,7.3127,1.4638
4040,2024,1250000000,2904311000,-9628000,-0.01049,-0.00244,-255.5,-0.08,7.375,1.4006
4260,2021,711667000,285814000,219912000,0.13758,0.11671,15.0647,3.09,22.4605,0.016
4260,2022,711667000,795568000,252009000,0.15168,0.11444,12.8955,3.54,24.2323,0.2576
4260,2023,711667000,1110422000,277230000,0.15467,0.1002,20.2564,3.9,26.1407,0.3448
4260,2024,781667000,2268176000,314635000,0.13807,0.07844,19.2706,4.25,34.5067,0.6189
4261,2021,430000000,950794190,125726066,0.2216,0.08282,20.8562,2.92,13.1943,1.2758
4261,2022,430000000,1201353072,193107949,0.31343,0.11412,15.3675,4.49,15.4619,1.5114
4261,2023,430000000,1511655370,142069485,0.20375,0.06917,19.9394,3.3,16.9692,1.687
4261,2024,430000000,1745202836,182706083,0.23422,0.07586,18.0235,4.25,19.3125,1.7682
4262,2021,,,,,,,,,
4262,2022,550000000,1000784011,143662779,0.17031,0.07789,,2.6121,15.3371,0.6725
4262,2023,550000000,2221078721,160622507,0.17189,0.0631,34.2466,2.92,18.6422,1.41
4262,2024,550000000,2162082291,180301098,0.16116,0.05447,,,22.0408,1.4038
4263,2021,,,,,,,,,
4263,2022,800000000,2210396000,362412000,0.33772,0.11037,,4.5302,13.4141,1.7255
4263,2023,800000000,2050846000,509716000,0.44184,0.1552,30.5181,6.37,15.4266,1.3641
4263,2024,800000000,1830127000,661435000,0.50176,0.20297,30.5441,8.27,17.5289,0.9518
4003,2021,600000000,2655649000,396834000,0.39981,0.10878,21.3269,4.96,13.4624,1.2471
4003,2022,800000000,2830800000,440174000,0.41295,0.11556,12.5636,5.5,14.81,1.5629
4003,2023,800000000,3157146000,390462000,0.32221,0.09284,18.3811,4.88,16.8539,1.5355
4003,2024,800000000,3358172000,527895000,0.35263,0.10726,13.6694,6.5987,22.3548,1.1142
4008,2021,360000000,1349242861,-28486961,-0.05122,-0.01495,-61.7722,-0.79,15.4496,1.7064
4008,2022,360000000,940378739,-142500986,-0.29383,-0.08744,-6.8687,-3.96,11.4936,1.414
4008,2023,360000000,800961953,-68965603,-0.18208,-0.0552,-20.1563,-1.92,9.6874,1.1875
4008,2024,360000000,926567179,-14085949,-0.04205,-0.01175,-81.1538,-0.39,10.4082,1.5137
4050,2021,600000000,2445521920,50842979,0.06308,0.01564,42.1373,0.7286,11.5139,2.3541
4050,2022,600000000,5058472962,75177274,0.09523,0.01627,30.3333,1.0714,11.0407,5.1603
4050,2023,600000000,4902899491,114552035,0.14195,0.01932,45.3049,1.64,12.0154,4.5553
4050,2024,700000000,5489568073,44212614,0.05231,0.00718,100.7937,0.63,12.135,5.0871
4051,2021,101250000,44881215,21550718,0.11104,0.09018,52.8639,0.213,1.9169,0.0991
4051,2022,101250000,59219087,21775621,0.11328,0.08914,26.3721,0.215,1.8803,0.1446
4051,2023,101250000,45699247,21650725,0.11264,0.08849,30.3738,0.214,1.9166,0.101
4051,2024,101250000,46797777,23305570,0.11854,0.09597,280.4348,0.023,1.967,0.0815
4190,2021,1200000000,2343075000,991858000,0.56068,0.2412,23.7969,0.827,1.4742,0.3629
4190,2022,1200000000,2455951000,969761000,0.5432,0.23173,18.5185,0.81,1.5013,0.4001
4190,2023,1200000000,2338916000,973043000,0.54465,0.23256,19.2346,0.81,1.4763,0.4032
4190,2024,1200000000,2527842000,973955000,0.55395,0.23236,15.6296,0.81,1.454,0.4538
4191,2021,,,,,,143.5185,0.27,,
4191,2022,200000000,72688394,15102972,0.06354,0.04866,33.4868,0.76,11.885,0.1697
4191,2023,200000000,45780996,16916216,0.07041,0.05648,34.8235,0.85,12.141,0.0649
4191,2024,200000000,80024465,26936557,0.11181,0.08866,22.963,1.35,11.9514,0.1615
4192,2021,42000000,229866030,184884412,0.48508,0.30259,,0.5282,1.089,0.4579
4192,2022,350000000,241474230,129765732,0.32759,0.20539,24.4595,0.37,1.1746,0.3173
4192,2023,350000000,538429749,98186736,0.24135,0.12323,31.4643,0.28,1.1502,1.1318
4192,2024,350000000,301821615,37539556,0.08919,0.04464,72.9091,0.11,1.2549,0.5466
4193,2021,,,,,,,,,
4193,2022,,,,,,,,,
4193,2023,,,,,,,,,
4193,2024,,,,,,,,,
4194,2021,,,,,,,,,
4194,2022,,,,,,,,,
4194,2023,,,,,,,,,
4194,2024,,,,,,,,,
4240,2021,,,-1090753102,,,-2.9971,-9.5003,,
4240,2022,2100000000,8095848631,85477270,0.33861,0.01037,20.9189,0.74,2.1997,25.3767
4240,2023,1147664480,6563929419,-1177762076,4.47616,-0.16827,-1.7157,-10.27,-6.7849,-6.0207
4240,2024,1147664480,5603825678,-203538578,0.22974,-0.03936,-7.427,-1.78,-8.6542,-3.4129
4001,2021,900000000,3715530222,300120973,0.21933,0.0586,32.4925,0.333,1.5204,1.1169
4001,2022,900000000,4270819801,1079509086,0.76059,0.19809,8.6667,1.2,1.6336,1.1742
4001,2023,900000000,4644806303,482047729,0.3344,0.08117,24.4444,0.54,1.5697,1.4516
4001,2024,900000000,5628946926,511021992,0.36693,0.07776,18.4211,0.57,1.5252,2.0265
4006,2021,450000000,1585801575,20773908,0.03272,0.00935,62.6087,0.46,14.1101,1.8482
4006,2022,450000000,1670359788,22826074,0.03528,0.01003,35.6863,0.51,14.6426,1.7974
4006,2023,450000000,1693469936,21791819,0.03303,0.00931,47.2917,0.48,14.6796,1.8502
4006,2024,450000000,1717329013,25429968,0.0378,0.01069,39.6842,0.57,15.2213,1.8755
4061,2021,105000000,153631193,3737711,0.03462,0.0139,326.7993,0.1048,4.3082,0.1399
4061,2022,315000000,313170727,-28319864,-0.1547,-0.06687,-14.5775,-1.42,8.1957,0.6545
4061,2023,315000000,322495135,12136424,0.04572,0.02059,47.8947,0.38,8.6585,0.6319
4061,2024,315000000,303041030,102528,0.00038,0.00017,6599.9999,0.004,8.4829,0.5925
4160,2021,100000000,143378003,-162451394,1.25609,-11.56491,-0.2752,-42.0145,-33.4387,-0.2476
4160,2022,100000000,144727884,-2955601,0.02572,-0.10145,-14.9066,-0.7757,-25.9862,-0.3187
4160,2023,250000000,71815001,-6530218,0.18828,-0.08874,-12.68,-1,4.7907,0.4535
4160,2024,65000000,67937255,-8013419,-0.28632,-0.08188,-35.6504,-1.23,3.821,0.6159
4161,2021,1143000000,3220216711,240563746,0.17047,0.05194,45.619,0.21,1.2346,1.6825
4161,2022,1143000000,3420943629,118654833,0.08579,0.02505,48.4,0.1,1.1855,1.6962
4161,2023,1143000000,3527076562,276531287,0.2008,0.05627,25.7917,0.24,1.2242,1.5618
4161,2024,1143000000,3790615345,272158318,0.19453,0.0531,26.9583,0.24,1.2239,1.6476
4162,2021,600000000,493233775,166091980,0.20639,0.12796,18.7419,3.1,13.4123,0.0623
4162,2022,600000000,583837262,290201821,0.34036,0.2086,12.7917,4.8,15.0085,0.0544
4162,2023,600000000,637228101,282213242,0.30876,0.18511,15.6809,4.7,15.4588,0.0492
4162,2024,600000000,926270129,278652929,0.28764,0.15918,20.6466,4.64,16.8329,0.1893
4163,2021,850000000,3041873734,239144980,0.24176,0.05933,,2.8135,11.6375,2.2191
4163,2022,850000000,3401585517,305448633,0.29308,0.07164,20.0279,3.59,12.8846,2.4035
4163,2023,850000000,3394482418,329223377,0.27342,0.07154,27.3385,3.87,15.4471,1.7473
4163,2024,850000000,3579290698,370105462,0.26728,0.07597,18.023,4.35,17.1347,1.4421
4164,2021,1300000000,2683329073,812528628,0.50669,0.18954,,6.2502,12.3353,0.8475
4164,2022,1300000000,2701518913,887811814,0.46156,0.19234,24.4802,6.83,17.2568,0.5207
4164,2023,1300000000,2908571313,892618140,0.37934,0.17305,19.9418,6.87,18.9443,0.477
4164,2024,1300000000,3587246396,820723624,0.32511,0.14218,18.6371,6.31,19.8931,0.5915
2050,2021,5339807000,19454106000,221879000,0.02747,0.00777,21.5496,0.9302,33.5516,1.5248
2050,2022,5339807000,20247955000,742752000,0.09095,0.02556,5.5943,3.0786,34.3242,1.4376
2050,2023,5339807000,20402618000,899185000,0.108,0.03022,23.7343,0.99,35.0601,1.4489
2050,2024,3000000000,15815179000,9974266000,1.53244,0.38862,3.4655,10.59,15.4913,1.5143
2100,2021,77170350,93062800,-10930587,-0.22225,-0.07684,-71.8158,-0.79,2.4971,0.7341
2100,2022,231511050,96534451,13817123,0.10546,0.06119,25.6,1,9.1942,0.107
2100,2023,231511050,89516335,20963599,0.09415,0.06641,46.2088,0.91,10.0414,0.0554
2100,2024,231511050,97723824,5039973,0.02138,0.0153,174.7727,0.22,10.3227,0.081
2270,2021,325000000,674616000,260553000,0.16992,0.11687,20.2703,8.14,47.9174,0.0416
2270,2022,325000000,725066000,207291000,0.13489,0.09181,33.3333,6.48,48.1317,0.0433
2270,2023,325000000,808636000,308771000,0.19338,0.12945,34.6736,9.65,51.6618,0.0387
2270,2024,325000000,844747000,483687000,0.27955,0.18835,22.3413,15.12,56.4766,0.0295
2280,2021,10000000000,15135889000,1563543000,0.097,0.04924,31.25,1.56,16.2169,0.6342
2280,2022,10000000000,15091105000,1759812000,0.10734,0.05514,30.3977,1.76,16.7721,0.6039
2280,2023,10000000000,18385190000,2049123000,0.1189,0.06003,27.2195,2.05,17.9053,0.7012
2280,2024,10000000000,16776828000,2313100000,0.12644,0.06447,24.7619,2.31,18.9043,0.5677
2281,2021,200000000,971444270,13556583,0.03806,0.01021,120.7353,0.68,17.8101,1.5096
2281,2022,200000000,1137970185,186809894,0.38495,0.11943,14.0471,9.34,30.7185,1.0231
2281,2023,200000000,1332108095,75940950,0.12316,0.03983,27.1053,3.8,30.9412,1.3268
2281,2024,200000000,2016796735,95822173,0.14732,0.03986,,,34.1009,1.9352
2282,2021,200000000,40175077,77275987,0.37164,0.31146,,3.8638,10.3967,0.0854
2282,2022,200000000,41634050,48707066,0.21297,0.18066,26.9262,2.44,12.4741,0.0622
2282,2023,200000000,39371147,42950121,0.17091,0.14719,36,2.15,12.6566,0.0508
2282,2024,200000000,35094144,30184860,0.11454,0.10036,42.1854,1.51,13.6962,0.028
2283,2021,539236780,491230474,198475214,0.29837,0.17163,,3.5761,11.9855,0.5393
2283,2022,555000000,1675389299,217480731,0.30714,0.1214,,3.9186,13.5308,2.0246
2283,2023,555000000,1578581503,220208226,0.26804,0.08993,19.0127,3.95,16.0745,1.5493
2283,2024,555000000,1550478496,250901722,0.27314,0.10104,13.4444,4.5,17.0279,1.4294
2284,2021,,,,,,,,,
2284,2022,81832000,973790159,233009125,1.3059,0.20223,,2.8762,2.2024,4.663
2284,2023,81832000,921485088,201810098,0.94729,0.17387,,2.4911,3.0569,3.1933
2284,2024,81832000,1041011114,208670276,0.81798,0.16878,16.0117,2.57,3.2409,3.3614
2285,2021,,,,,,,,,
2285,2022,,,,,,,,,
2285,2023,513150060,1468743792,200279112,0.24336,0.08739,,3.9029,16.0375,1.6557
2285,2024,513150060,1243980944,213636615,0.22995,0.09348,11.7909,4.16,20.1718,1.0903
2286,2021,,,,,,,,,
2286,2022,,,,,,,,,
2286,2023,473903170,474029300,142816987,0.2091,0.12343,,0.2645,1.2648,0.5889
2286,2024,540000000,483904154,170931353,0.24482,0.14521,,,1.3211,0.5519
4080,2021,1263888890,1225610351,-63485897,-0.04529,-0.02083,-38.12,-0.5,11.0914,0.5215
4080,2022,1263888890,1351707639,10123556,0.00767,0.00338,127,0.08,9.7946,0.658
4080,2023,1263888890,1248098878,-132646446,-0.11428,-0.04789,-12.3048,-1.05,8.5729,0.6499
4080,2024,1263888890,1130920423,-3874739,-0.00358,-0.00152,-456.6667,-0.03,8.5327,0.5691
6001,2021,353571450,438970862,84254428,0.14783,0.08351,38.1933,2.38,16.1193,0.3995
6001,2022,353571450,576295958,2917385,0.00581,0.00289,553.75,0.08,12.2655,0.8935
6001,2023,353571450,644793133,-98011332,-0.26471,-0.09993,-18.4116,-2.77,8.6782,1.242
6001,2024,353571450,490581147,44667304,0.14978,0.05158,42.1429,1.26,8.1906,0.907
6010,2021,1016400000,2693917461,-285028123,-0.23836,-0.07328,-10.8007,-1.3435,5.6252,1.4274
6010,2022,1016400000,2527996929,95491687,0.07667,0.02476,33.4754,0.2917,6.0925,1.2206
6010,2023,3016400000,1459613481,302064771,0.12359,0.06807,15.7345,1.77,11.911,0.1194
6010,2024,3016400000,1406999872,774631968,0.19636,0.14403,9.6031,2.57,14.2452,0.0575
6020,2021,300000000,156147926,1089793,0.00368,0.00241,657.2222,0.036,9.8632,0.52049308666666666667
6020,2022,300000000,129626252,7049432,0.02353,0.01593,80,0.235,10.1055,0.43208750666666666667
6020,2023,300000000,136383535,-6713311,-0.0224,-0.01551,-80.3571,-0.224,9.8787,0.45461178333333333333
6020,2024,300000000,101604543,10238032,0.03396,0.02435,,,10.222,0.33868181000000000000
6040,2021,391767000,148495232,-70550191,-0.24975,-0.14995,-14.4444,-2.07,7.2104,0.0323
6040,2022,391767000,155727377,-51468608,-0.2009,-0.11497,-11.5699,-1.3138,5.8684,0.0352
6040,2023,391767000,169808942,80788890,0.28947,0.17498,8.219,2.1,8.3793,0.0475
6040,2024,391767000,208162614,-144226008,-0.56809,-0.3253,-4.0811,-3.7,4.5814,0.3732
6050,2021,400000000,77569341,-34184824,-0.11445,-0.09085,-53.5294,-5.0757,44.5917,0.068
6050,2022,400000000,108455848,-63389796,-0.23719,-0.17595,-17.0253,-9.4348,35.2016,0.2228
6050,2023,400000000,126947249,-119959261,-0.68145,-0.40839,-8.1353,-17.91,17.3577,0.5285
6050,2024,400000000,102659360,-40995299,-0.42741,-0.19455,-21.4073,-6.12,11.2796,0.528
6060,2021,75000000,42173372,-237361,-0.00166,-0.00128,-2365.0243,-0.0153,7.2585,0.0701
6060,2022,75000000,45386106,-3197035,-0.02269,-0.01731,-116.2191,-0.1625,7.0815,0.1203
6060,2023,300000000,29228723,-185743,-0.00074,-0.00064,-2325,-0.008,12.1952,0.0029
6060,2024,300000000,70111511,-4166261,-0.01151,-0.01012,-141.1511,-0.139,11.9432,0.002
6070,2021,300000000,122992130,17374482,0.02768,0.02315,100.6897,0.58,20.9207,0.0119
6070,2022,300000000,241184323,51065262,0.07886,0.06155,26.1176,1.7,22.2512,0.1714
6070,2023,300000000,391467763,61968851,0.08941,0.06139,23.6715,2.07,23.9533,0.3461
6070,2024,300000000,402724844,75300454,0.1022,0.06641,23.745,2.51,25.1647,0.3375
6090,2021,500000000,92212936,12128716,0.02399,0.02025,83.6522,0.23,10.1127,0.0543
6090,2022,500000000,94260502,10711721,0.02103,0.01776,58.4762,0.21,10.2646,0.0486
6090,2023,500000000,144430612,-32100266,-0.06503,-0.05236,-23.875,-0.64,9.4802,0.0868
6090,2024,500000000,211268168,-153276957,-0.39119,-0.26915,-4.3322,-3.07,6.1926,0.136
2140,2021,806363280,700501285,4294315,0.00531,0.00283,371.439,0.0548,9.1527,0.7104
2140,2022,806363280,892149482,-44767736,-0.05797,-0.02839,-27.6269,-0.5111,8.3273,1.0222
2140,2023,806363280,1154283264,-216250945,-0.35,-0.1311,-6.2651,-2.49,5.6592,1.6229
2140,2024,1006363280,1119727176,-164408943,-0.29707,-0.09684,-8.5056,-1.78,6.0303,0.0091
2230,2021,843200000,2982687000,69570000,0.04301,0.0151,40.8434,0.083,1.9184,1.1792
2230,2022,843200000,2969303000,80223000,0.04895,0.01735,26.5,0.1,1.9686,0.9079
2230,2023,843200000,3097642000,182886000,0.10571,0.03833,19.6364,0.22,2.1351,0.6813
2230,2024,843200000,4159251000,291241000,0.14969,0.05215,26.4857,0.35,2.4798,0.7588
4002,2021,1000000000,1356931338,578161353,0.22201,0.14244,30.0692,2.89,13.021,0.3183
4002,2022,1000000000,1585248398,599305261,0.21686,0.13745,34.8333,3,14.6142,0.3052
4002,2023,2000000000,1537699881,657687906,0.21216,0.13665,33.9818,3.29,16.3853,0.2406
4002,2024,2000000000,1689229730,645759043,0.18867,0.12458,26.3467,3.23,17.8417,0.2135
4004,2021,900000000,2549033714,258601120,0.13853,0.05567,26.1672,2.87,20.7421,1.012
4004,2022,900000000,2688283009,274463823,0.14233,0.05739,48.5246,3.05,22.1095,0.9938
4004,2023,976811660,2770202705,360122537,0.13869,0.06452,46.4324,3.7,32.7944,0.616
4004,2024,976811660,2867530477,471202060,0.14125,0.0733,31.0559,4.83,35.5423,0.5832
4005,2021,448500000,435146192,136356673,0.12128,0.08744,20.5921,3.04,25.0674,0.0793
4005,2022,448500000,449131872,170074845,0.14245,0.10395,19.4987,3.79,28.1737,0.0658
4005,2023,448500000,760928556,240927386,0.17735,0.1227,32.4767,5.37,32.4066,0.2272
4005,2024,448500000,872673573,298163666,0.19343,0.12643,25.0751,6.66,36.4624,0.2993
4007,2021,1200000000,602424911,90087837,0.05429,0.03983,53.9732,0.56,10.3706,0.1309
4007,2022,1600000000,771285376,257336168,0.15273,0.1085,24.9068,1.61,10.691,0.2111
4007,2023,1600000000,749524050,303330872,0.17063,0.11951,31.2632,1.9,11.5308,0.1703
4007,2024,1600000000,689512417,338800814,0.17803,0.12918,18.1132,2.12,12.2578,0.1551
4009,2021,920400000,2679536688,17201012,0.01368,0.00433,166.5789,0.19,13.6631,1.564
4009,2022,920400000,3127202216,75182816,0.05814,0.01774,31.0366,0.82,14.4354,1.6863
4009,2023,920400000,3769325477,17038421,0.01287,0.00354,464.7369,0.19,14.3374,1.8833
4009,2024,920400000,3451253202,282001652,0.19147,0.05497,22.451,3.06,17.6674,1.5164
4013,2021,3500000000,5300291255,1376615197,0.25783,0.12714,41.0687,3.93,15.2548,0.5721
4013,2022,3500000000,6478452959,1650750047,0.29431,0.14102,46.7373,4.72,16.7963,0.599
4013,2023,3500000000,9031799748,2046013922,0.33096,0.14418,48.547,5.85,18.53,0.7992
4013,2024,3500000000,12945280975,2315290800,0.33897,0.12737,42.3565,6.62,20.5004,1.138
4014,2021,200000000,544149879,77524475,0.16374,0.07617,,2.5841,15.7819,0.5623
4014,2022,200000000,462404941,17566594,0.03722,0.01803,69.5639,0.5856,15.6791,0.4391
4014,2023,300000000,597275049,40058545,0.08166,0.03937,35.7602,1.3353,17.0255,0.7104
4014,2024,300000000,446776842,26168089,0.05124,0.02546,57.8949,0.8723,17.0203,0.4077
4017,2021,,,,,,,,,
4017,2022,,,,,,,,,
4017,2023,200000000,2976627000,279595000,0.27404,0.06607,,1.2156,4.4359,2.2189
4017,2024,232000000,2002201000,287551000,0.14502,0.0602,50.7576,1.32,12.8059,0.366
4165,2021,,,,,,,,,
4165,2022,,,,,,,,,
4165,2023,250000000,392551797,148677253,0.3941,0.19313,,5.9471,15.0904,0.6985
4165,2024,250000000,325545034,156958529,0.3713,0.20077,23.2484,6.28,18.7275,0.4767
4070,2021,,,,,,-1.4927,-23.3964,,
4070,2022,50000000,208012746,-35499986,-2.71511,-0.17026,-30.1515,-0.5769,0.6912,5.4959
4070,2023,50000000,224294638,-60496313,3.45008,-0.33234,-5.2507,-3.1958,-2.5452,-1.5376
4070,2024,400000000,220004038,-56452177,-0.60055,-0.19262,-10.8794,-1.41,5.9036,0.1699
4071,2021,500000000,2508454815,206247959,0.28204,0.06366,24.5631,3.7455,13.296,3.2123
4071,2022,500000000,1821282540,274699804,0.35419,0.0934,19.49,4.9909,14.9067,1.9094
4071,2023,500000000,3428660339,318237426,0.32927,0.08855,37.8395,5.79,20.239,2.7191
4071,2024,550000000,13003138116,271288638,0.21829,0.02868,29.4523,4.93,24.9524,2.0449
4072,2021,,,,,,,,,
4072,2022,,,,,,,,,
4072,2023,2992500000,4368379000,19020000,0.00503,0.00233,,0.0572,11.3661,0.2149
4072,2024,3325000000,4369745000,399962000,0.10059,0.04785,43.5833,1.2,12.5495,0.0274
4210,2021,800000000,4061410120,537019653,0.25987,0.08439,29.2399,6.71,25.8307,0.4621
4210,2022,800000000,3863586481,648791550,0.27502,0.09901,22.4414,8.11,33.1451,0.3539
4210,2023,800000000,2469728889,559620553,0.19518,0.08974,24.4857,7,38.5361,0.3045
4210,2024,800000000,2160993556,201690449,0.06406,0.03594,109.127,2.52,40.175,0.2933
2070,2021,1200000000,2440669402,26454090,0.01439,0.00597,178.8636,0.22,15.3147,0.7046
2070,2022,1200000000,2138648000,-165135000,-0.09779,-0.03996,-15.7826,-1.38,12.8292,0.7027
2070,2023,1200000000,2365151000,-50728000,-0.03481,-0.01315,-90,-0.42,11.4832,0.8139
2070,2024,1200000000,2788029000,24535000,0.01782,0.00598,152.1429,0.21,11.5479,1.0974
4015,2021,100000000,200658299,170695307,0.13859,0.11918,,2.4385,17.5948,0.0016
4015,2022,700000000,191553799,171314162,0.13997,0.12064,,2.4473,17.3752,0.0022
4015,2023,700000000,249836618,292400083,0.22316,0.19099,27.512,4.18,20.0618,0.0017
4015,2024,700000000,281026830,356524229,0.24631,0.20814,29.9018,5.09,21.2944,0.0014
4016,2021,,,,,,,,,
4016,2022,,,,,,,,,
4016,2023,200000000,146345098,65827349,0.21484,0.1454,,3.2914,15.32,0.2024
4016,2024,200000000,158571648,79848920,0.23673,0.16304,30.5263,3.99,18.4105,0.1778
7200,2021,250000000,818105205,56479749,0.16927,0.04904,67.1099,1.88,11.122,1.1131
7200,2022,300000000,1237594441,95863760,0.27205,0.06945,29.125,3.2,12.37,1.0006
7200,2023,300000000,1567265528,13973356,0.04247,0.00807,289.3617,0.47,9.5629,2.2325
7200,2024,300000000,2154375221,124401607,0.35029,0.05614,39.2771,4.15,14.113,2.0749
7201,2021,100000000,18318216,21549524,0.14638,0.13018,91.1628,0.215,1.4722,0.18318216000000000000
7201,2022,100000000,14054785,-10439023,-0.07364,-0.0661,-64,-0.1,1.3628,0.14054785000000000000
7201,2023,100000000,22070210,-9770344,-0.07421,-0.06525,-78,-0.09,1.2704,0
7201,2024,100000000,80883927,-17700041,-0.14222,-0.10061,-36.3333,-0.18,1.2186,0.4338
7202,2021,1200000000,4902179804,832918609,0.36683,0.11612,27.1182,6.94,19.1125,0.0267
7202,2022,1200000000,7485528000,1052869000,0.41448,0.12034,27.6853,8.77,23.619,0.2634
7202,2023,1200000000,8163690000,1192148000,0.38871,0.10916,35.2266,9.93,27.9378,0.2322
7202,2024,1200000000,8010472000,1596633000,0.43555,0.13556,20.2855,13.31,33.6774,0.2191
7203,2021,800000000,2384631966,566891419,0.20177,0.10914,,11.3378,36.2069,0.038
7203,2022,800000000,2979379154,930189589,0.31765,0.1658,28.5469,11.63,39.2656,0.0272
7203,2023,800000000,4102540784,1356230754,0.38521,0.19205,48.0826,16.95,51.4112,0.0561
7203,2024,800000000,4260809435,1826871586,0.3934,0.207,48.8179,22.84,68.1135,0.1069
7204,2021,20000000,341634711,80615566,0.50474,0.1608,,0.2687,0.5324,0.5885
7204,2022,150000000,553597200,131455234,0.6361,0.20092,19.9091,0.44,0.8453,0.6292
7204,2023,150000000,796353077,129293157,0.40682,0.13023,28.5349,0.43,1.2734,0.8861
7204,2024,300000000,889571337,163335937,0.35238,0.12502,26,0.54,1.8167,0.811
7211,2021,30000000,46102624,15536093,0.47724,0.19752,,0.2589,0.5426,0.364
7211,2022,30000000,55776030,19104434,0.45276,0.20514,,0.32,0.8639,0.2919
7211,2023,30000000,89577962,23081725,0.38387,0.17325,,0.39,1.1404,0.2899
7211,2024,30000000,150120858,27948450,0.35634,0.13956,,0.47,1.4741,0.3989
1010,2021,30000000000,278436000000,6025379000,0.12739,0.0185,13.4826,2.01,15.7666,0.1957
1010,2022,30000000000,303480000000,7019322000,0.13567,0.02048,13.7069,2.32,18.7244,0.1653
1010,2023,30000000000,326591000000,8045844000,0.13821,0.02156,11.0465,2.58,20.1196,0.2294
1010,2024,30000000000,382437000000,9321894000,0.14543,0.02227,9.5017,3.01,22.685,0.2015
1020,2021,8200000000,88932250000,1006076000,0.07241,0.00978,16.3559,0.7552,10.8449,0.1644
1020,2022,8200000000,102240000000,1109088000,0.08065,0.01014,15.1429,0.8064,10.6217,0.1635
1020,2023,8200000000,113135000000,1019972000,0.06794,0.00831,17.3953,0.688,12.8121,0.1341
1020,2024,10250000000,131704000000,1230954000,0.07323,0.00884,18.5149,0.808,13.4257,0.1269
1030,2021,7500000000,85317829000,1061656000,0.06513,0.01045,14.8219,0.792,13.0444,0.0142
1030,2022,10000000000,92280916000,1507855000,0.09113,0.01431,12.6569,1.096,13.4318,0.0121
1030,2023,10000000000,112749000000,1761607000,0.10355,0.01474,9.975,1.28,13.788,0.0122
1030,2024,12500000000,135938000000,1956630000,0.10308,0.01365,10.1399,1.43,16.5952,0.0074
1050,2021,12053572000,176116000000,3449877000,0.08693,0.01599,17.5,1.3018,15.9505,0.019
1050,2022,12053572000,193333000000,3575130000,0.09117,0.01596,14.552,1.3452,15.5777,0.1351
1050,2023,12053572000,212262000000,4222733000,0.10537,0.01739,11.9787,1.61,16.6605,0.2245
1050,2024,25000000000,246169000000,4544071000,0.10326,0.01663,9.2093,1.72,18.7909,0.3474
1060,2021,20547945000,219368000000,3204427000,0.06055,0.01176,21.1538,1.56,25.7575,0.1079
1060,2022,20547945000,259767000000,4827605000,0.08976,0.01645,16.5745,2.35,26.5898,0.1042
1060,2023,20547945000,294742000000,7002373000,0.12018,0.02087,11.1144,3.41,30.1245,0.0916
1060,2024,20547945000,331157000000,8070461000,0.12398,0.02135,8.9021,3.78,33.2326,0.0818
1080,2021,15000000000,161374000000,2176591000,0.06998,0.01131,15.7655,1.0875,15.5505,0.1206
1080,2022,15000000000,180270000000,3070405000,0.0968,0.01516,15.6341,1.5375,16.1672,0.1145
1080,2023,15000000000,185615000000,4070510000,0.11952,0.01876,9.3015,2.04,17.8892,0.1047
1080,2024,20000000000,210158000000,4966022000,0.1344,0.02114,8.5,2.48,19.1074,0.0996
1120,2021,25000000000,556363000000,14746211000,0.21917,0.02365,24.0176,3.69,16.8204,0.0138
1120,2022,40000000000,661394000000,17150825000,0.20478,0.02476,17.7358,4.24,25.0563,0.0072
1120,2023,40000000000,701339000000,16621159000,0.1606,0.02118,21.8987,3.95,26.6899,0.0414
1120,2024,40000000000,851247000000,19722206000,0.17165,0.02213,20.257,4.67,30.7582,0.0726
1140,2021,7500000000,98873614000,1686537000,0.14078,0.01521,20.5695,1.1267,7.9867,0.2921
1140,2022,10000000000,116144000000,2081688000,0.16405,0.01732,21.2679,1.3933,8.9326,0.2657
1140,2023,10000000000,127848000000,2368938000,0.16533,0.01738,19.0366,1.5917,10.1721,0.2243
1140,2024,12500000000,138271000000,2806531000,0.17568,0.01883,17.2788,1.8833,11.1288,0.2054
1150,2021,20000000000,142765000000,2709387000,0.08822,0.01562,18.2901,1.048,12.2844,1.3602
1150,2022,20000000000,168560000000,3599140000,0.11501,0.01925,18.815,1.384,12.7505,1.9781
1150,2023,20000000000,202381000000,4839206000,0.14618,0.02214,16.5348,1.87,13.8215,2.846
1150,2024,25000000000,235386000000,5831661000,0.15392,0.02271,13.0405,2.22,16.683,2.4649
1180,2021,44780000000,751378000000,12668176000,0.0781,0.01386,21.6107,2.235,27.4242,0.0505
1180,2022,44780000000,778719000000,18580690000,0.11324,0.01998,12.5414,3.02,28.047,0.0892
1180,2023,60000000000,860452000000,20009968000,0.11706,0.02019,11.9659,3.23,29.6053,0.2593
1180,2024,60000000000,910879000000,21192995000,0.11503,0.0198,9.7376,3.43,32.3912,0.5008
1111,2021,1200000000,450902674,587703531,0.19005,0.16586,25.6735,4.9,25.7703,0.0003
1111,2022,1200000000,4510357074,424598326,0.13539,0.0756,51.1299,3.54,26.4974,0
1111,2023,1200000000,4507868100,390060733,0.1231,0.0508,57.4769,3.25,26.3124,0.0677
1111,2024,1200000000,5649488136,621842981,0.18704,0.074,41.8533,5.18,29.0978,0.0999
1182,2021,906000000,2376450000,107753000,0.09047,0.0302,17.7815,1.0578,11.6853,1.7313
1182,2022,906000000,2252140000,96722000,0.07974,0.02742,13.9626,0.9511,12.1167,1.4407
1182,2023,906000000,2700001000,31806000,0.02628,0.00863,39.2832,0.31,11.6323,2.2097
1182,2024,1019250000,3287492000,46314000,0.03843,0.01103,28.4889,0.45,12.0159,2.6061
1183,2021,1000000000,2714749796,103195599,0.06106,0.02343,,1.0206,16.8993,1.5786
1183,2022,1000000000,2620111258,95889625,0.05643,0.02196,21.3333,0.96,17.0872,1.5019
1183,2023,1000000000,2722706000,2326000,0.00138,0.00053,913,0.02,16.6065,1.6144
1183,2024,1000000000,2825829000,26528000,0.01585,0.00596,67.3333,0.27,16.8764,1.6489
2120,2021,500000000,7256024,91133066,0.09759,0.09683,26.0989,1.5167,15.5647,0.01451204800000000000
2120,2022,500000000,7929901,100207371,0.10921,0.10832,11.1667,2,15.0197,0
2120,2023,600000000,131485392,148799189,0.15691,0.14617,11.369,2.52,16.8713,0.1037
2120,2024,600000000,126122066,295063946,0.26509,0.2376,7.04,5,20.8595,0.0839
4081,2021,1000000000,675304000,225088000,0.18879,0.12053,13.9778,1.875,9.9354,0.4904
4081,2022,1000000000,649881000,171457000,0.13822,0.0901,11.0606,1.43,10.7392,0.4298
4081,2023,1200000000,699658000,88714000,0.06656,0.04419,20.027,0.74,11.4743,0.4538
4081,2024,1200000000,616773000,131236000,0.09291,0.06338,14.1835,1.09,12.0665,0.3287
4082,2021,311355000,676384756,40881246,0.11173,0.03922,,0.5723,5.1223,1.7853
4082,2022,500000000,654297769,44980627,0.09729,0.0397,,0.6297,7.8231,1.1185
4082,2023,714285720,500352813,30968087,0.04437,0.02413,20.6333,0.6,11.721,0.554
4082,2024,714285720,592365201,22740221,0.02708,0.01635,26.0455,0.44,11.7941,0.6447
4083,2021,,,,,,,,,
4083,2022,,,,,,,,,
4083,2023,250000000,1046765455,212164631,0.23821,0.10951,,8.4866,35.627,1.0643
4083,2024,250000000,1379900966,222384355,0.22202,0.1004,20.2247,8.9,44.5059,1.1485
4130,2021,177000000,169871630,-8343826,-0.08398,-0.02904,-75.1058,-0.0458,0.5473,0.5129
4130,2022,297000000,85174391,-7975100,-0.05133,-0.0265,-38.9829,-0.0402,0.9687,0.2999
4130,2023,297000000,35065697,3496076,0.0164,0.01198,118.9398,0.016,0.9847,0.0527
4130,2024,218295000,37082818,8375608,0.03825,0.03164,122.4915,0.0384,1.0218,0.0469
4280,2021,37058823000,18380459000,1017427000,0.03294,0.02002,37.4074,0.27,8.3352,0.5323
4280,2022,37058823000,20936354000,6957868000,0.22584,0.13384,4.117,1.88,8.2911,0.5976
4280,2023,37058823000,17473917000,1013243000,0.03075,0.01889,26.4815,0.27,9.4904,0.4257
4280,2024,37058823000,15160370000,1236970000,0.03338,0.02273,26.7879,0.33,10.5054,0.3236
8010,2021,1250000000,9588419000,288890000,0.09839,0.02307,36.385,1.775,19.5746,0.0161
8010,2022,1250000000,12127830000,302193000,0.09959,0.02175,33.3748,2.01,20.8837,0.0123
8010,2023,1500000000,14794909000,616426000,0.18253,0.03661,31.6788,4.11,24.1454,0.0141
8010,2024,1500000000,16517458000,1022025000,0.25235,0.05186,21.6422,6.82,29.9064,0.0265
8012,2021,550000000,1867877000,23018000,0.02701,0.00846,49.2383,0.3392,12.9142,0.0014
8012,2022,550000000,1640816000,38520000,0.04415,0.01466,21.1207,0.58,13.526,0.0034
8012,2023,660000000,1872354000,44254000,0.04829,0.01656,25.3731,0.67,14.2466,0.0016
8012,2024,660000000,2112798000,37203000,0.03884,0.01261,29.3929,0.56,14.783,0.0141
8020,2021,500000000,666836000,-85660000,-0.21757,-0.08077,-13.3099,-1.71,7.8744,0.0063
8020,2022,500000000,666105000,-41378000,-0.11068,-0.03977,-13.3012,-0.83,7.0803,0.0049
8020,2023,500000000,534050000,38188000,0.10264,0.03928,22.9211,0.76,7.8018,0.004
8020,2024,500000000,766862000,26889000,0.06535,0.02532,30.4074,0.54,8.6555,0.0016
8030,2021,1050000000,2369254000,-140588000,-0.12657,-0.0404,-12.8209,-1.34,10.5785,0.0077
8030,2022,1050000000,2339665000,-396870000,-0.43673,-0.12162,-2.2804,-3.78,6.7306,0.0051
8030,2023,1050000000,2202586000,201472000,0.2481,0.06535,7.5,1.92,8.7373,0.0119
8030,2024,1050000000,1854392000,101994000,0.10482,0.03398,26.8557,0.97,9.7966,0.002
8040,2021,600000000,1489375863,5619429,0.00743,0.0025,287.2222,0.09,12.5972,0.0013
8040,2022,600000000,1304372651,8575802,0.01142,0.00399,93.5714,0.14,12.428,0.0082
8040,2023,600000000,1354701964,36986892,0.04784,0.01759,27.9032,0.62,13.3968,0.0038
8040,2024,600000000,1235274655,15167075,0.0188,0.00722,58.9231,0.26,13.6751,0.0039
8050,2021,250000000,473425000,-112410000,-1.15362,-0.19691,-4.5852,-6.0716,5.2635,0.2087
8050,2022,100000000,605954000,-38868000,-0.49108,-0.06281,-4.0371,-2.1028,3.2873,0.3039
8050,2023,200000000,601270000,51302000,0.38597,0.06965,7.2388,2.68,8.4517,0.0965
8050,2024,200000000,491180000,30123000,0.13117,0.03882,14.8293,1.23,10.4864,0.0726
8060,2021,646397000,1527616000,-122054000,-0.13794,-0.05059,-12.0099,-1.5804,11.4465,0.0063
8060,2022,850583000,2471436000,-68080000,-0.06804,-0.02269,-17.4678,-0.8278,10.9752,0.0053
8060,2023,850583000,2838794000,147977000,0.1241,0.03846,13.0759,1.45,12.4696,0.0022
8060,2024,1275583000,2941895000,64303000,0.04159,0.01449,31.2258,0.62,14.2995,0.0118
8070,2021,400000000,452286000,29022000,0.0523,0.02881,38.9231,0.65,13.873,1.13071500000000000000
8070,2022,638525000,1276441000,-18225000,-0.02095,-0.01051,-54.1379,-0.29,18.5611,1.9990462393798207
8070,2023,798153000,1811401000,66940000,0.04905,0.02301,18.1782,1.01,19.3476,0.0011
8070,2024,798153000,1961443000,70995000,0.04442,0.02037,21.573,0.89,20.699,0.0007
8100,2021,300000000,917990000,-62634679,-0.21449,-0.05176,-10.4976,-2.09,9.734,3.0599666666666667
8100,2022,300000000,915527000,-61647000,-0.23375,-0.05222,-5.8146,-2.05,7.8479,3.0517566666666667
8100,2023,300000000,1814662000,71098000,0.25899,0.04336,6.3376,2.37,10.4534,6.0488733333333333
8100,2024,300000000,1582458000,49318000,0.14183,0.0241,9.5366,1.64,12.7277,5.2748600000000000
8120,2021,229474640,616260300,-141189259,-0.6958,-0.17236,-2.6863,-5.2527,7.5437,0.0332
8120,2022,458949280,531371863,-18299703,-0.05919,-0.02072,-18.1277,-0.47,9.0519,0.0163
8120,2023,458949280,519234645,125037351,0.25957,0.12417,5.9706,2.72,11.9401,0.0203
8120,2024,458949280,569278629,43645516,0.07431,0.03857,16.4,0.95,13.6551,0.0138
8150,2021,141000000,414248000,-114584000,-1.9084,-0.24159,-3.888,-6.07,2.5207,0.0497
8150,2022,291000000,542008000,-17344000,-0.13932,-0.02878,-13.1707,-0.82,6.1268,0.0112
8150,2023,291000000,643377000,63406000,0.28607,0.07786,6.3028,2.18,8.2473,0.0014
8150,2024,291000000,641378000,-16483000,-0.06496,-0.01839,-23.614,-0.57,8.2086,0.0267
8160,2021,265000000,285090103,-5517385,-0.02346,-0.0106,-188.3335,-0.1901,8.0348,0.0117
8160,2022,265000000,1140727009,7255779,0.03036,0.00762,47.619,0.21,4.5812,0.0051
8160,2023,530000000,1240009716,66291668,0.16517,0.04165,13.2982,1.14,10.5644,0.0092
8160,2024,530000000,1121096037,31727744,0.05448,0.018,23.5088,0.57,11.4139,0.0096
8170,2021,400000000,899884000,33432317,0.06396,0.0235,23.8559,0.666,10.4544,0.006
8170,2022,450000000,978845000,12702000,0.02398,0.00865,54,0.252,10.7323,0.0137
8170,2023,450000000,1198193000,93896000,0.15543,0.05547,8.8085,1.88,13.4324,0.0087
8170,2024,500000000,839125000,49134000,0.07104,0.02873,17.7551,0.98,14.2331,0.0095
8180,2021,400000000,540505162,-74471147,-0.34918,-0.0988,-14.5181,-3.5069,10.0423,0.0178
8180,2022,140000000,414437387,-53459717,-0.29154,-0.0809,-5.5755,-2.5181,7.2257,0.0171
8180,2023,140000000,375758591,42299859,0.24058,0.07409,12.6884,1.99,9.3323,0.0073
8180,2024,300000000,342599237,31858208,0.10635,0.04836,13.9206,1.26,13.3637,0.002
8190,2021,400000000,442557000,-73671000,-0.23945,-0.0982,-18.4511,-1.84,7.6918,0.0201
8190,2022,400000000,491395000,-55482000,-0.19681,-0.07409,-5.1799,-1.39,6.4038,0.0228
8190,2023,400000000,532607000,5292000,0.0203,0.00685,67.2308,0.13,6.6289,0.0142
8190,2024,400000000,652289000,-15055000,-0.05644,-0.01752,-23.4737,-0.38,6.7078,0.0051
8200,2021,891000000,1129222165,38309395,0.04012,0.01838,38.6047,0.43,10.7169,0.0595
8200,2022,891000000,1238886544,76052381,0.07713,0.03505,16.1176,0.85,11.4162,0.0558
8200,2023,891000000,1434809270,124429494,0.115,0.05144,13.2857,1.4,12.8712,0.0495
8200,2024,891000000,1806504197,474811642,0.34422,0.15827,10.1126,5.33,18.0911,0.0352
8210,2021,1200000000,6465427000,625570000,0.15038,0.05887,25.1483,4.18,27.7331,0.0301
8210,2022,1500000000,7914042000,805117000,0.19259,0.07081,26.679,5.39,28.0059,0.044
8210,2023,1500000000,9762822000,940163000,0.21183,0.07081,33.9269,6.29,31.1702,0.0355
8210,2024,1500000000,10457083000,1166002000,0.23812,0.0777,26.5725,7.79,34.12,0.0283
8230,2021,400000000,2745897000,108589000,0.08184,0.02666,31.5854,0.984,13.2688,0.0411
8230,2022,400000000,3003814000,72391000,0.05455,0.01723,49.7222,0.72,13.2736,0.0371
8230,2023,1000000000,5101401000,328061000,0.21511,0.05882,21.6463,3.28,17.2279,0.0241
8230,2024,1000000000,10006982000,332343000,0.17477,0.03515,51.6867,3.32,20.8042,0.0186
8240,2021,300000000,238353446,8943629,0.02318,0.01433,152.2917,0.24,12.8595,0.79451148666666666667
8240,2022,300000000,305389223,12537584,0.03212,0.01893,36.9048,0.42,13.1601,1.01796407666666666667
8240,2023,300000000,334562365,24817556,0.06063,0.03403,30.1205,0.83,14.128,1.11520788333333333333
8240,2024,300000000,233405672,16292651,0.0371,0.02253,91.6667,0.54,15.1472,0.77801890666666666667
8250,2021,500000000,1713601000,154553000,0.14762,0.05599,11.9134,2.6381,19.9425,0.0185
8250,2022,500000000,1648298000,15913000,0.01603,0.00595,78.0952,0.3,17.8864,0.018
8250,2023,525000000,1895618000,128526000,0.12828,0.04633,10.7347,2.45,20.2827,0.0283
8250,2024,525000000,1682641000,98195000,0.09114,0.03426,,,20.7611,0.0243
8260,2021,500000000,177624000,-86776000,-0.21909,-0.15126,-5,-4.2133,13.2022,0.0031
8260,2022,500000000,187898000,-106067000,-0.30756,-0.20103,-3.2123,-3.5333,9.7885,0.0001
8260,2023,500000000,189804000,3532000,0.01189,0.00727,109.7222,0.12,10.0131,0.015
8260,2024,300000000,209280000,-94207000,-0.35936,-0.20405,-3.3057,-3.14,7.4635,0.0153
8270,2021,300000000,417631466,4313807,0.00974,0.00501,157.8571,0.14,14.7591,0.0117
8270,2022,300000000,331572575,-29000327,-0.06719,-0.03597,-16.2268,-0.97,14.0161,0.0026
8270,2023,300000000,402801715,20083440,0.04642,0.02511,28.5672,0.67,14.8279,0
8270,2024,300000000,294714826,9385565,0.02042,0.01161,63.4194,0.31,15.8124,0.005
8280,2021,400000000,361634000,-35377000,-0.093,-0.04768,-25.9545,-0.88,9.5101,0.90408500000000000000
8280,2022,400000000,457021000,-42945000,-0.12032,-0.05605,-10.6542,-1.07,8.3356,1.14255250000000000000
8280,2023,400000000,448693000,11258000,0.03112,0.01382,63.1429,0.28,9.7498,1.12173250000000000000
8280,2024,400000000,578495000,32761000,0.07889,0.03527,20.7805,0.82,11.0138,1.4462375000000000
8300,2021,200000000,733658000,-54476000,-0.22953,-0.0561,-14.9951,-1.8,7.8504,3.6682900000000000
8300,2022,400000000,933928000,-27662000,-0.0868,-0.024,-18.2973,-0.74,10.001,2.3348200000000000
8300,2023,400000000,1375968000,84581000,0.19043,0.05289,8.654,2.11,12.207,0
8300,2024,400000000,1525188000,103050000,0.18772,0.05154,9.5039,2.58,15.2408,0.0077
8310,2021,130000000,227831000,-119136000,-43.62358,-0.51672,-3.7555,-9.16,0.2101,1.7525461538461538
8310,2022,430000000,190245000,-48183000,-0.37949,-0.1434,-5.3706,-1.7,5.842,0.44243023255813953488
8310,2023,430000000,168215000,25439000,0.09529,0.05701,22.1695,0.59,6.5743,0.39119767441860465116
8310,2024,430000000,160793000,12027000,0.04039,0.02602,37.8571,0.28,7.2741,0.37393720930232558140
8311,2021,150000000,225066000,-61972000,-1.12785,-0.22132,-7.5303,-4.1797,3.3626,0.0409
8311,2022,230000000,190681000,-6355000,-0.05649,-0.01984,-21.0643,-0.4263,6.7067,0.0046
8311,2023,230000000,149043000,20222000,0.11209,0.05773,19.168,0.7982,7.5229,0.64801304347826086957
8311,2024,230000000,105947000,-26762000,-0.15091,-0.08779,-12.0322,-1.0522,7.1267,0.0144
8313,2021,,,,,,,,,
8313,2022,,,,,,,,,
8313,2023,70500000,196194033,45952326,0.37979,0.14487,,0.65,1.5962,0.0322
8313,2024,75800000,516947356,94727797,0.35353,0.15168,66.9767,1.29,5.4736,0.0093
4330,2021,1716971010,1473966816,96550165,0.0604,0.03142,17.52,0.56,9.31,0.8553
4330,2022,1716971010,1543515199,88927084,0.05682,0.02893,19.08,0.52,8.92,0.9398
4330,2023,1716971010,1573767110,21653191,0.01444,0.00708,70.25,0.13,8.54,0.9779
4330,2024,1716971010,1544524603,-187275085,-0.13896,-0.06442,,-1.09,7.15,1.1346
4331,2021,118000000,2689661,4291407,0.052,0.05035,62.6377,0.3637,6.9944,0.02279373728813559322
4331,2022,118000000,2352308,5695096,0.06808,0.06609,36.9638,0.4826,7.1847,0.01993481355932203390
4331,2023,118000000,2577475,7249609,0.08391,0.08159,27.4426,0.6144,7.4585,0.02184300847457627119
4331,2024,118000000,2697719,3023955,0.03469,0.03367,58.68,0.26,7.31,0.02286202542372881356
4333,2021,510000000,100323557,39458241,0.07218,0.06099,15.8976,0.7737,10.72,0.1771
4333,2022,510000000,307888335,33158623,0.06069,0.04418,18.1511,0.6501,10.71,0.5543
4333,2023,510000000,308825156,36298505,0.06624,0.04239,15.9056,0.7117,10.7806,0.5501
4333,2024,510000000,308076227,32517272,0.05915,0.03789,16.06,,10.78,0.5526
4334,2021,613700000,126180323,8380249,0.0157,0.0127,65.6155,0.1366,8.6989,0.1879
4334,2022,613700000,226938259,28210372,0.05461,0.0407,18.1867,0.4597,8.1349,0.402
4334,2023,613700000,235270358,44519775,0.08791,0.06036,12.8613,0.7254,8.3699,0.3894
4334,2024,613700000,223817207,41136866,0.08004,0.05533,14.14,0.67,8.38,0.3876
4335,2021,880000000,583001436,29868881,0.03478,0.02072,29.1765,0.34,9.7587,0.6375
4335,2022,880000000,840289978,10900439,0.01301,0.00703,73.75,0.12,9.2826,0.9755
4335,2023,880000000,849188863,-8349470,-0.01043,-0.00507,-64.3333,-0.09,8.9177,1.0122
4335,2024,880000000,842906784,-22289468,-0.02914,-0.01384,,-0.25,8.46,1.0606
4336,2021,681086520,370848985,30528929,0.04779,0.03024,21.9749,0.4482,9.3799,0.5354
4336,2022,681086520,745203344,-106042,-0.00017,-0.0000900,-4977.5209,-0.0016,8.8128,0.9796
4336,2023,1037659950,519736958,-11806606,-0.01697,-0.00889,-53.1723,-0.1138,7.6214,0.6031
4336,2024,1037659950,752607452,15138500,0.01938,0.01068,37.29,0.15,7.43,0.9049
4337,2021,572400000,152002501,982467,0.00196,0.0015,,0.02,8.77,0.2985
4337,2022,572400000,166936184,-83388207,-0.1828,-0.13545,-3.8371,-1.46,7.17,0.3654
4337,2023,572400000,169569496,-52231895,-0.13599,-0.09457,-4.9863,-0.91,6.25,0.4187
4337,2024,572400000,169347681,-114922138,-0.38244,-0.24454,,-2.01,4.25,0.6167
4338,2021,1375000000,633674000,75420000,0.05788,0.03894,20.7836,0.5485,9.4769,0.4288
4338,2022,1375000000,663744000,66117000,0.05133,0.03414,21.0417,0.48,9.2578,0.4629
4338,2023,1375000000,747446000,40556000,0.0323,0.02068,31.2069,0.29,9.0027,0.5332
4338,2024,1375000000,790681000,26678000,0.02192,0.01343,36.49,0.19,8.7,0.5973
4339,2021,1075070350,784616334,45559753,0.05006,0.02688,29.9681,0.4238,8.4656,0.8219
4339,2022,1075070350,776394568,47184270,0.05266,0.02814,23.0579,0.4389,8.2045,0.848
4339,2023,1075070350,628995780,40270844,0.04559,0.02539,22.0242,0.3746,8.2271,0.6874
4339,2024,1075070350,657084238,14835952,0.01692,0.00976,42.83,0.14,8.09,0.6933
4342,2021,1865097850,611494577,27847573,0.01620,0.01131,84.9929,0.1762,9.92,0.32
4342,2022,1865097850,514193908,77641492,0.04280,0.03265,30.9883,0.4163,9.54,0.25
4342,2023,1865097850,239677077,200274317,0.10940,0.09179,12.479,1.0738,9.8148,0.1104
4342,2024,1865097850,571663177,55774988,0.03130,0.02547,33.71,0.3,9.3139,0.3123
4344,2021,1175000000,689831317,-35437775,-0.03408,-0.02049,-39.7881,-0.3016,8.8486,0.596
4344,2022,1175000000,847036429,41110344,0.04036,0.02301,29.4962,0.3499,8.4885,0.7963
4344,2023,1869444440,851156175,33561234,0.02652,0.01587,50.8007,0.1795,8.2015,0.5172
4344,2024,1869444440,1023876153,14409840,0.00965,0.00593,108.82,0.08,7.78,0.664
4345,2021,1180000000,13811568,-14857817,-0.01590,-0.01570,-56.7848,-0.13,7.9056,0.0082
4345,2022,1180000000,17281497,-3603344,-0.00390,-0.00390,-160.4611,-0.03,7.6751,0.0081
4345,2023,1180000000,79027727,-10220410,-0.01150,-0.01100,-54.1483,-0.09,7.3335,0.0717
4345,2024,1180000000,319008287,8129877,0.00960,0.00780,68.65,0.07,7.08,0.3158
4347,2021,1628811000,499925727,65401922,0.04702,0.03459,24.3088,0.4015,8.5391,0.2746
4347,2022,1628811000,527317564,97579682,0.07041,0.05137,15.2922,0.599,8.4782,0.2795
4347,2023,1628811000,361021028,110901375,0.08021,0.06071,14.45,0.68,8.4991,0.1737
4347,2024,1628811000,779317144,88436872,0.06436,0.04549,18.1,0.54,8.37,0.4681
4348,2021,1410088480,836813133,-33831010,-0.03084,-0.0175,-26.3888,-0.33,7.78,0.6873
4348,2022,1410088480,813568960,43376044,0.04004,0.02273,24.7064,0.31,7.59,0.7041
4348,2023,1410088480,814971112,35135066,0.03322,0.01877,24.7222,0.25,7.42,0.7195
4348,2024,1410088480,813791403,59338554,0.05675,0.0319,13.55,0.42,7.42,0.7186
4020,2021,2400000000,4782094000,54909000,0.01855,0.00706,88.2607,0.1984,10.641,1.3477
4020,2022,3750000000,4159615000,110539000,0.02921,0.01329,38.9365,0.2933,12.2872,0.7372
4020,2023,3750000000,4028249000,67634000,0.01446,0.00761,88.5556,0.18,12.6634,0.6907
4020,2024,3750000000,4246298000,215063000,0.04422,0.02345,44.386,0.57,13.2774,0.6675
4090,2021,1604574830,297258246,-117294908,-0.03253,-0.02978,-43.5616,-0.73,22.4663,0.0017
4090,2022,1604574830,690138236,139570012,0.03857,0.03369,28.5747,0.87,22.6237,0.0991
4090,2023,2604574830,2858768510,109161022,0.02143,0.01574,41.1538,0.65,25.1809,0.3035
4090,2024,2604574830,2920723049,333724736,0.04979,0.03445,32.1094,1.28,26.2906,0.2828
4100,2021,1648162400,,,,,,,,
4100,2022,1999999990,547556831,103856497,0.03091,0.02658,97.4603,0.5192,16.8002,0.27377841686889208434
4100,2023,1648162400,530630674,334234764,0.08971,0.07837,36.601,1.6729,20.4577,0.0312
4100,2024,1648162400,450200547,411041500,0.10092,0.09007,47.3896,2.052,20.272,0.0252
4150,2021,1777777770,412976562,318309495,0.15748,0.13076,14.1899,1.79,11.3695,0.0272
4150,2022,1777777770,400107339,300356265,0.14239,0.11938,10.7014,1.6895,12.3617,0.0235
4150,2023,1777777770,411276680,271539533,0.11862,0.10076,13.8039,1.53,13.3922,0.0202
4150,2024,1777777770,365684650,296196445,0.12029,0.1039,20.1198,1.67,14.3091,0.0213
4220,2021,11333333000,8600143000,-836529000,-0.10757,-0.05108,-16.1764,-1.5987,14.8622,0.8022
4220,2022,11333333000,8536054000,-1157290000,-0.16038,-0.07332,-8.1765,-2.2092,12.7179,0.95
4220,2023,11333333000,8743415000,-253220000,-0.03877,-0.01669,-35.5817,-0.4839,12.243,1.0909
4220,2024,5232599000,9823749000,-1134565000,-0.19439,-0.07504,-4.0323,-4.7,10.0656,1.5394
4250,2021,9294000000,18194352000,946206000,0.10968,0.03528,24.902,1.02,9.282,1.1387
4250,2022,11545342000,13825759000,-352430000,-0.03307,-0.01322,-47.2,-0.35,10.9872,0.8657
4250,2023,11545342000,14559878000,37480000,0.00295,0.00139,746.6667,0.03,11.0185,0.9218
4250,2024,11800229000,14083146000,200090000,0.01528,0.0073,120.9412,0.17,11.4149,0.899
4300,2021,10800000000,12802050000,132520000,0.00692,0.00415,83.8333,0.12,17.7404,0.4917
4300,2022,10800000000,13908725000,441720000,0.02279,0.01349,28.3415,0.41,18.152,0.5505
4300,2023,10800000000,13363423000,610758000,0.03062,0.01819,24.9123,0.57,18.7888,0.4981
4300,2024,10800000000,15839508000,806840000,0.03899,0.02286,20.1333,0.75,19.532,0.5424
4310,2021,3393000000,125182593,-22088547,-0.00718,-0.00671,-248.6154,-0.065,9.0661,0.0008
4310,2022,3393000000,355816965,-19388732,-0.00632,-0.0057,-188.421,-0.057,9.017,0.0726
4310,2023,3393000000,773310519,-45557467,-0.01503,-0.01235,-104.6269,-0.134,8.852,0.1843
4310,2024,3393000000,1656061816,-20956568,-0.00699,-0.00487,-240.3226,-0.062,8.8115,0.4829
4320,2021,933333330,799786285,67975591,0.06394,0.03331,24.6575,0.73,11.3899,0.6479
4320,2022,933333330,804542480,66773852,0.06225,0.03261,21.5278,0.72,11.5977,0.6552
4320,2023,933333330,1030936390,36416938,0.03381,0.01688,51.1795,0.39,11.4847,0.8576
4320,2024,933333330,1101276981,-31600315,-0.03026,-0.01398,-70.9412,-0.34,10.8924,0.9695
4321,2021,4750000000,11602359786,486659016,0.03613,0.01936,22.1373,1.02,28.3604,0.8048
4321,2022,4750000000,12500581523,775431515,0.05741,0.03027,11.7178,1.63,28.5073,0.8563
4321,2023,4750000000,13439259317,1514995569,0.10894,0.05628,6.5141,3.19,30.0521,0.8517
4321,2024,4750000000,16624509056,1216906944,0.08376,0.04111,8.4766,2.56,31.1307,1.035
4322,2021,400000000,1275194269,193719486,0.34051,0.10506,,0.3896,1.1378,1.238
4322,2022,400000000,1686723727,245743632,0.37711,0.11523,20.1796,0.49,1.4688,1.1152
4322,2023,500000000,2882264018,202350000,0.27401,0.06686,21.3,0.4,1.485,2.0048
4322,2024,500000000,3357626238,266125914,0.33762,0.06796,30.5283,0.53,1.6705,2.1247
4323,2021,375000000,165783580,81209527,0.17865,0.13098,38.5185,1.62,13.6371,0.0479
4323,2022,375000000,184671130,87635484,0.17726,0.13097,28.3262,1.7475,10.6837,0.0398
4323,2023,375000000,314337231,103007847,0.19238,0.13136,20.7039,2.06,10.7343,0.0376
4323,2024,500000000,592419013,106603556,0.18217,0.10275,22.045,2.132,12.6738,0.0329
4324,2021,200000000,169281440,24328455,0.07187,0.03692,,0.122,1.6926,0.4506
4324,2022,200000000,108076099,28215495,0.08147,0.04415,,0.14,1.7705,0.2705
4324,2023,200000000,116022181,28765944,0.07848,0.04494,,0.14,1.895,0.2222
4324,2024,200000000,71187904,35632018,0.09207,0.05483,39.3889,0.18,1.9752,0.0879
4230,2021,600000000,665384000,-130439000,-0.4216,-0.13702,-9.7233,-4.31,10.2317,0.6112
4230,2022,302344000,685070000,-196132000,-0.91759,-0.22665,-3.4792,-6.49,3.9064,1.4298
4230,2023,302344000,2182458000,-48015000,-0.50825,-0.02782,-14.9057,-1.59,2.3428,5.3599
4230,2024,302344000,2393091000,-62365000,-1.59699,-0.02243,-29.8544,-2.06,0.2405,52.1256
7010,2021,20000000000,56393438000,11311342000,0.16329,0.08852,19.8938,2.26,13.8739,0.1808
7010,2022,50000000000,61194394000,12170537000,0.17049,0.09185,15.0617,2.43,14.7525,0.1876
7010,2023,50000000000,78130703000,13295381000,0.17438,0.08957,15.188,2.66,15.8461,0.3321
7010,2024,50000000000,68153096000,24688652000,0.29321,0.15417,8.0972,4.94,17.9302,0.1934
7020,2021,7700000000,24167662000,1071541000,0.07051,0.02722,22.4101,1.39,19.7354,0.9183
7020,2022,7700000000,21819745000,1656940000,0.10502,0.04274,16.1628,2.15,21.2449,0.7852
7020,2023,7700000000,21268385000,2231977000,0.13137,0.05792,16.9138,2.9,22.8865,0.6545
7020,2024,7700000000,19639536000,3106848000,0.17025,0.08027,13.2506,4.03,24.5136,0.5012
7030,2021,8987292000,19041118000,214302000,0.0237,0.00763,50.1667,0.24,10.0608,0.8162
7030,2022,8987292000,18658628000,549666000,0.05834,0.01944,16.4918,0.61,10.9068,0.7752
7030,2023,8987292000,16786812000,1267006000,0.12425,0.04538,9.9858,1.41,11.7849,0.8453
7030,2024,8987292000,17428624000,596369000,0.056,0.02149,15.5455,0.66,11.9133,0.9048
7040,2021,,,,,,,,,
7040,2022,89999000,764036842,-37399886,-0.50543,-0.04463,-11.2861,-1.2639,2.4979,2.5582
7040,2023,89999000,770736086,42468239,0.44687,0.04924,36.033,1.43,3.9184,1.275
7040,2024,339999000,808435311,194678385,0.57683,0.17273,16.9518,6.43,16.4387,0.1395
2080,2021,750000000,601830062,201364232,0.11598,0.08613,20.2239,2.68,23.1487,0.0661
2080,2022,750000000,663541091,214063523,0.12334,0.09039,18.1754,2.85,23.1328,0.0536
2080,2023,750000000,681526617,227315243,0.12697,0.0923,22.4422,3.03,24.6092,0.0385
2080,2024,750000000,791033436,248749238,0.1326,0.09522,30.9036,3.32,25.4166,0.0714
2081,2021,250000000,394961643,103325408,0.28983,0.1375,24.7942,2.95,10.1859,0.6228
2081,2022,250000000,789009273,107441177,0.28496,0.11088,32.4186,3.0714,11.3595,1.2805
2081,2023,250000000,1164438281,140021598,0.29946,0.09695,34.5714,4,15.3597,1.0182
2081,2024,350000000,1604137201,230002219,0.35012,0.11268,22.8311,6.57,22.1784,0.9027
2082,2021,7134143000,31388553000,758798000,0.05627,0.0166,81.4166,1.0297,18.2607,1.7805
2082,2022,7134143000,28817526000,1540035000,0.09582,0.03257,72.6153,2.089,25.2696,1.2711
2082,2023,7134143000,34309423000,1661714000,0.08788,0.032,113.8955,2.252,25.9441,1.334
2082,2024,7148765000,32576494000,1757057000,0.08567,0.0314,168.5905,2.3809,29.6178,1.2057
2083,2021,2500000000,16558821000,631999000,0.0837,0.02621,,2.528,30.2043,1.6172
2083,2022,2500000000,20045588000,845650000,0.12925,0.03404,13.8757,3.38,22.1363,3.0621
2083,2023,2500000000,18474122000,587002000,0.10589,0.02367,27.5745,2.35,22.2103,2.7926
2083,2024,2500000000,17768917000,17152000,0.00318,0.00073,782.8571,0.07,20.8976,2.8106
2084,2021,,,,,,,,,
2084,2022,,,,,,,,,
2084,2023,160925543,596101525,56718308,0.14438,0.05733,,0.3525,2.4412,1.1552
2084,2024,160925543,704364002,40726824,0.09751,0.03807,111,0.25,2.7496,1.1553
5110,2021,41665938000,223259000000,14390871000,0.05719,0.0303,14.8025,1.62,60.3907,0.433
5110,2022,41665938000,222431000000,15135224000,0.05951,0.03172,12.905,1.79,61.6933,0.3888
5110,2023,41665938000,244471000000,10249299000,0.03993,0.02091,30.6129,0.62,61.5173,0.4304
5110,2024,41665938000,295643000000,6866943000,0.02705,0.01311,-36.7391,-0.46,60.3303,0.5761
