base_symbol,first_date,last_date,first_year,last_year,source
1010,2014-01-01,2025-11-02,2014,2025,yahoo_period_max
1020,2014-01-01,2025-11-02,2014,2025,yahoo_period_max
1030,2014-01-01,2025-11-02,2014,2025,yahoo_period_max
1050,2014-01-01,2025-11-02,2014,2025,yahoo_period_max
1060,2014-01-01,2025-11-02,2014,2025,yahoo_period_max
1080,2014-01-01,2025-11-02,2014,2025,yahoo_period_max
1111,2021-12-12,2025-11-02,2021,2025,yahoo_period_max
1120,2014-01-01,2025-11-02,2014,2025,yahoo_period_max
1140,2014-01-01,2025-11-02,2014,2025,yahoo_period_max
1150,2014-01-01,2025-11-02,2014,2025,yahoo_period_max
1180,2014-11-12,2025-11-02,2014,2025,yahoo_period_max
1182,2020-07-14,2025-11-02,2020,2025,yahoo_period_max
1183,2022-04-25,2025-11-02,2022,2025,yahoo_period_max
1201,2014-01-01,2025-11-02,2014,2025,yahoo_period_max
1202,2015-12-21,2025-11-02,2015,2025,yahoo_period_max
1210,2014-01-01,2025-11-02,2014,2025,yahoo_period_max
1211,2014-01-01,2025-11-02,2014,2025,yahoo_period_max
1212,2014-01-01,2025-11-02,2014,2025,yahoo_period_max
1213,2014-01-01,2025-11-02,2014,2025,yahoo_period_max
1214,2014-01-01,2025-11-02,2014,2025,yahoo_period_max
1301,2014-01-01,2025-11-02,2014,2025,yahoo_period_max
1302,2014-06-24,2025-11-02,2014,2025,yahoo_period_max
1303,2015-12-22,2025-11-02,2015,2025,yahoo_period_max
1304,2016-05-22,2025-11-02,2016,2025,yahoo_period_max
1320,2014-01-01,2025-11-02,2014,2025,yahoo_period_max
1321,2022-02-17,2025-11-02,2022,2025,yahoo_period_max
1322,2022-04-05,2025-11-02,2022,2025,yahoo_period_max
1323,2025-05-27,2025-11-02,2025,2025,yahoo_period_max
1810,2014-01-01,2025-11-02,2014,2025,yahoo_period_max
1820,2015-12-22,2025-11-02,2015,2025,yahoo_period_max
1830,2018-09-10,2025-11-02,2018,2025,yahoo_period_max
1831,2019-06-19,2025-11-02,2019,2025,yahoo_period_max
1832,2020-12-24,2025-11-02,2020,2025,yahoo_period_max
1833,2023-06-19,2025-11-02,2023,2025,yahoo_period_max
1834,2024-06-12,2025-11-02,2024,2025,yahoo_period_max
1835,2024-11-27,2025-11-02,2024,2025,yahoo_period_max
2001,2014-01-01,2025-11-02,2014,2025,yahoo_period_max
2010,2014-01-01,2025-11-02,2014,2025,yahoo_period_max
2020,2014-01-01,2025-11-02,2014,2025,yahoo_period_max
2030,2014-01-01,2025-11-02,2014,2025,yahoo_period_max
2040,2014-01-01,2025-11-02,2014,2025,yahoo_period_max
2050,2014-01-01,2025-11-02,2014,2025,yahoo_period_max
2060,2014-01-01,2025-11-02,2014,2025,yahoo_period_max
2070,2014-01-01,2025-11-02,2014,2025,yahoo_period_max
2080,2014-01-01,2025-11-02,2014,2025,yahoo_period_max
2081,2021-04-27,2025-11-02,2021,2025,yahoo_period_max
2082,2021-12-19,2025-11-02,2021,2025,yahoo_period_max
2083,2022-11-28,2025-11-02,2022,2025,yahoo_period_max
2084,2024-06-06,2025-11-02,2024,2025,yahoo_period_max
2090,2014-01-01,2025-11-02,2014,2025,yahoo_period_max
2100,2014-01-01,2025-11-02,2014,2025,yahoo_period_max
2110,2014-01-01,2025-11-02,2014,2025,yahoo_period_max
2120,2014-01-01,2025-11-02,2014,2025,yahoo_period_max
2130,2014-01-01,2025-11-02,2014,2025,yahoo_period_max
2140,2014-01-01,2025-11-02,2014,2025,yahoo_period_max
2150,2014-01-01,2025-11-02,2014,2025,yahoo_period_max
2160,2014-01-01,2025-11-02,2014,2025,yahoo_period_max
2170,2014-01-01,2025-11-02,2014,2025,yahoo_period_max
2180,2014-01-01,2025-11-02,2014,2025,yahoo_period_max
2190,2014-01-01,2025-11-02,2014,2025,yahoo_period_max
2200,2014-01-01,2025-11-02,2014,2025,yahoo_period_max
2210,2014-01-01,2025-11-02,2014,2025,yahoo_period_max
2220,2014-01-01,2025-11-02,2014,2025,yahoo_period_max
2222,2019-12-11,2025-11-02,2019,2025,yahoo_period_max
2223,2022-12-28,2025-11-02,2022,2025,yahoo_period_max
2230,2014-01-01,2025-11-02,2014,2025,yahoo_period_max
2240,2014-01-01,2025-11-02,2014,2025,yahoo_period_max
2250,2014-01-01,2025-11-02,2014,2025,yahoo_period_max
2270,2014-01-01,2025-11-02,2014,2025,yahoo_period_max
2280,2014-01-01,2025-11-02,2014,2025,yahoo_period_max
2281,2021-12-01,2025-11-02,2021,2025,yahoo_period_max
2282,2022-08-17,2025-11-02,2022,2025,yahoo_period_max
2283,2023-06-22,2025-11-02,2023,2025,yahoo_period_max
2284,2024-03-27,2025-11-02,2024,2025,yahoo_period_max
2285,2024-10-08,2025-11-02,2024,2025,yahoo_period_max
2286,2024-10-29,2025-11-02,2024,2025,yahoo_period_max
2287,2025-03-17,2025-11-02,2025,2025,yahoo_period_max
2290,2014-01-01,2025-11-02,2014,2025,yahoo_period_max
2300,2014-01-01,2025-11-02,2014,2025,yahoo_period_max
2310,2014-01-01,2025-11-02,2014,2025,yahoo_period_max
2320,2014-01-01,2025-11-02,2014,2025,yahoo_period_max
2330,2014-01-01,2025-11-02,2014,2025,yahoo_period_max
2340,2014-01-01,2025-11-02,2014,2025,yahoo_period_max
2350,2014-01-01,2025-11-02,2014,2025,yahoo_period_max
2360,2014-01-01,2025-11-02,2014,2025,yahoo_period_max
2370,2014-01-01,2025-11-02,2014,2025,yahoo_period_max
2380,2014-01-01,2025-11-02,2014,2025,yahoo_period_max
2381,2022-11-09,2025-11-02,2022,2025,yahoo_period_max
2382,2023-10-11,2025-11-02,2023,2025,yahoo_period_max
3002,2014-01-01,2025-11-02,2014,2025,yahoo_period_max
3003,2014-01-01,2025-11-02,2014,2025,yahoo_period_max
3004,2014-01-01,2025-11-02,2014,2025,yahoo_period_max
3005,2015-12-21,2025-11-02,2015,2025,yahoo_period_max
3007,2017-09-17,2025-11-02,2017,2025,yahoo_period_max
3008,2019-11-04,2025-11-02,2019,2025,yahoo_period_max
3010,2014-01-01,2025-11-02,2014,2025,yahoo_period_max
3020,2014-01-01,2025-11-02,2014,2025,yahoo_period_max
3030,2014-01-01,2025-11-02,2014,2025,yahoo_period_max
3040,2014-01-01,2025-11-02,2014,2025,yahoo_period_max
3050,2014-01-01,2025-11-02,2014,2025,yahoo_period_max
3060,2014-01-01,2025-11-02,2014,2025,yahoo_period_max
3080,2014-01-01,2025-11-02,2014,2025,yahoo_period_max
3090,2014-01-01,2025-11-02,2014,2025,yahoo_period_max
3091,2014-01-01,2025-11-02,2014,2025,yahoo_period_max
3092,2020-09-03,2025-11-02,2020,2025,yahoo_period_max
4001,2014-01-01,2025-11-02,2014,2025,yahoo_period_max
4002,2014-01-01,2025-11-02,2014,2025,yahoo_period_max
4003,2014-01-01,2025-11-02,2014,2025,yahoo_period_max
4004,2014-01-01,2025-11-02,2014,2025,yahoo_period_max
4005,2014-01-01,2025-11-02,2014,2025,yahoo_period_max
4006,2014-06-24,2025-11-02,2014,2025,yahoo_period_max
4007,2014-07-15,2025-11-02,2014,2025,yahoo_period_max
4008,2015-12-21,2025-11-02,2015,2025,yahoo_period_max
4009,2016-03-29,2025-11-02,2016,2025,yahoo_period_max
4011,2016-06-29,2025-11-02,2016,2025,yahoo_period_max
4012,2019-11-11,2025-11-02,2019,2025,yahoo_period_max
4013,2020-03-17,2025-11-02,2020,2025,yahoo_period_max
4014,2022-03-08,2025-11-02,2022,2025,yahoo_period_max
4015,2023-06-20,2025-11-02,2023,2025,yahoo_period_max
4016,2024-02-27,2025-11-02,2024,2025,yahoo_period_max
4017,2024-06-05,2025-11-02,2024,2025,yahoo_period_max
4018,2025-01-07,2025-11-02,2025,2025,yahoo_period_max
4019,2025-06-25,2025-11-02,2025,2025,yahoo_period_max
4020,2014-01-01,2025-11-02,2014,2025,yahoo_period_max
4030,2014-01-01,2025-11-02,2014,2025,yahoo_period_max
4031,2015-12-21,2025-11-02,2015,2025,yahoo_period_max
4040,2014-01-01,2025-11-02,2014,2025,yahoo_period_max
4050,2014-01-01,2025-11-02,2014,2025,yahoo_period_max
4051,2019-12-04,2025-11-02,2019,2025,yahoo_period_max
4061,2014-01-01,2025-11-02,2014,2025,yahoo_period_max
4070,2014-01-01,2025-11-02,2014,2025,yahoo_period_max
4071,2021-12-20,2025-11-02,2021,2025,yahoo_period_max
4072,2024-01-08,2025-11-02,2024,2025,yahoo_period_max
4080,2014-01-01,2025-11-02,2014,2025,yahoo_period_max
4081,2021-12-08,2025-11-02,2021,2025,yahoo_period_max
4082,2023-06-21,2025-11-02,2023,2025,yahoo_period_max
4083,2024-12-03,2025-11-02,2024,2025,yahoo_period_max
4084,2025-03-10,2025-11-02,2025,2025,yahoo_period_max
4090,2014-01-01,2025-11-02,2014,2025,yahoo_period_max
4100,2014-01-01,2025-11-02,2014,2025,yahoo_period_max
4110,2014-01-01,2025-11-02,2014,2025,yahoo_period_max
4130,2014-01-01,2025-11-02,2014,2025,yahoo_period_max
4140,2014-01-01,2025-11-02,2014,2025,yahoo_period_max
4141,2020-07-21,2025-11-02,2020,2025,yahoo_period_max
4142,2022-12-22,2025-11-02,2022,2025,yahoo_period_max
4143,2024-06-11,2025-11-02,2024,2025,yahoo_period_max
4144,2022-02-21,2025-11-02,2022,2025,yahoo_period_max
4145,2022-05-10,2025-11-02,2022,2025,yahoo_period_max
4150,2014-01-01,2025-11-02,2014,2025,yahoo_period_max
4160,2014-01-01,2025-11-02,2014,2025,yahoo_period_max
4161,2021-04-19,2025-11-02,2021,2025,yahoo_period_max
4162,2021-12-21,2025-11-02,2021,2025,yahoo_period_max
4163,2022-03-16,2025-11-02,2022,2025,yahoo_period_max
4164,2022-04-18,2025-11-02,2022,2025,yahoo_period_max
4165,2024-10-07,2025-11-02,2024,2025,yahoo_period_max
4170,2014-01-01,2025-11-02,2014,2025,yahoo_period_max
4180,2014-01-01,2025-11-02,2014,2025,yahoo_period_max
4190,2014-01-01,2025-11-02,2014,2025,yahoo_period_max
4191,2019-11-11,2025-11-02,2019,2025,yahoo_period_max
4192,2022-12-29,2025-11-02,2022,2025,yahoo_period_max
4193,2025-01-08,2025-11-02,2025,2025,yahoo_period_max
4194,2025-09-02,2025-11-02,2025,2025,yahoo_period_max
4200,2014-01-01,2025-11-02,2014,2025,yahoo_period_max
4210,2014-01-01,2025-11-02,2014,2025,yahoo_period_max
4220,2014-01-01,2025-11-02,2014,2025,yahoo_period_max
4230,2014-01-01,2025-11-02,2014,2025,yahoo_period_max
4240,2014-01-01,2025-11-02,2014,2025,yahoo_period_max
4250,2014-01-01,2025-11-02,2014,2025,yahoo_period_max
4260,2014-01-01,2025-11-02,2014,2025,yahoo_period_max
4261,2021-03-29,2025-11-02,2021,2025,yahoo_period_max
4262,2023-09-25,2025-11-02,2023,2025,yahoo_period_max
4263,2023-11-01,2025-11-02,2023,2025,yahoo_period_max
4264,2025-06-18,2025-11-02,2025,2025,yahoo_period_max
4270,2014-01-01,2025-11-02,2014,2025,yahoo_period_max
4280,2014-01-01,2025-11-02,2014,2025,yahoo_period_max
4290,2014-01-01,2025-11-02,2014,2025,yahoo_period_max
4291,2018-11-18,2025-11-02,2018,2025,yahoo_period_max
4292,2019-07-31,2025-11-02,2019,2025,yahoo_period_max
4300,2014-01-01,2025-11-02,2014,2025,yahoo_period_max
4310,2014-01-01,2025-11-02,2014,2025,yahoo_period_max
4320,2016-01-12,2025-11-02,2016,2025,yahoo_period_max
4321,2019-05-22,2025-11-02,2019,2025,yahoo_period_max
4322,2022-07-03,2025-11-02,2022,2025,yahoo_period_max
4323,2021-07-01,2025-11-02,2021,2025,yahoo_period_max
4324,2024-12-01,2025-11-02,2024,2025,yahoo_period_max
4330,2016-11-13,2025-11-02,2016,2025,yahoo_period_max
4331,2017-02-15,2025-11-02,2017,2025,yahoo_period_max
4332,2021-09-30,2025-11-02,2021,2025,yahoo_period_max
4333,2017-07-19,2025-11-02,2017,2025,yahoo_period_max
4334,2017-08-23,2025-11-02,2017,2025,yahoo_period_max
4335,2017-10-01,2025-11-02,2017,2025,yahoo_period_max
4336,2018-03-14,2025-11-02,2018,2025,yahoo_period_max
4337,2018-01-23,2025-11-02,2018,2025,yahoo_period_max
4338,2018-01-21,2025-11-02,2018,2025,yahoo_period_max
4339,2018-03-26,2025-11-02,2018,2025,yahoo_period_max
4340,2018-03-20,2025-11-02,2018,2025,yahoo_period_max
4342,2018-02-11,2025-11-02,2018,2025,yahoo_period_max
4344,2018-05-01,2025-11-02,2018,2025,yahoo_period_max
4345,2018-08-06,2025-11-02,2018,2025,yahoo_period_max
4346,2021-09-30,2025-11-02,2021,2025,yahoo_period_max
4347,2018-07-25,2025-11-02,2018,2025,yahoo_period_max
4348,2021-09-30,2025-11-02,2021,2025,yahoo_period_max
4350,2024-09-04,2025-11-02,2024,2025,yahoo_period_max
4700,2022-08-23,2025-11-02,2022,2025,yahoo_period_max
4701,2022-08-23,2025-11-02,2022,2025,yahoo_period_max
4702,2024-07-17,2025-11-02,2024,2025,yahoo_period_max
4703,2024-07-24,2025-11-02,2024,2025,yahoo_period_max
5110,2014-01-01,2025-11-02,2014,2025,yahoo_period_max
6001,2014-01-01,2025-11-02,2014,2025,yahoo_period_max
6002,2014-01-01,2025-11-02,2014,2025,yahoo_period_max
6004,2014-01-01,2025-11-02,2014,2025,yahoo_period_max
6010,2014-01-01,2025-11-02,2014,2025,yahoo_period_max
6012,2019-11-21,2025-11-02,2019,2025,yahoo_period_max
6013,2021-07-01,2025-11-02,2021,2025,yahoo_period_max
6014,2022-08-23,2025-11-02,2022,2025,yahoo_period_max
6015,2022-12-20,2025-11-02,2022,2025,yahoo_period_max
6016,2024-10-28,2025-11-02,2024,2025,yahoo_period_max
6017,2024-12-01,2025-11-02,2024,2025,yahoo_period_max
6018,2025-07-22,2025-11-02,2025,2025,yahoo_period_max
6020,2014-01-01,2025-11-02,2014,2025,yahoo_period_max
6040,2014-01-01,2025-11-02,2014,2025,yahoo_period_max
6050,2014-01-01,2025-11-02,2014,2025,yahoo_period_max
6060,2014-01-01,2025-11-02,2014,2025,yahoo_period_max
6070,2014-01-01,2025-11-02,2014,2025,yahoo_period_max
6090,2014-01-01,2025-11-02,2014,2025,yahoo_period_max
7010,2014-01-01,2025-11-02,2014,2025,yahoo_period_max
7020,2014-01-01,2025-11-02,2014,2025,yahoo_period_max
7030,2014-01-01,2025-11-02,2014,2025,yahoo_period_max
7040,2014-01-01,2025-11-02,2014,2025,yahoo_period_max
7200,2019-04-24,2025-11-02,2019,2025,yahoo_period_max
7201,2020-04-15,2025-11-02,2020,2025,yahoo_period_max
7202,2021-10-17,2025-11-02,2021,2025,yahoo_period_max
7203,2022-02-16,2025-11-02,2022,2025,yahoo_period_max
7204,2022-11-27,2025-11-02,2022,2025,yahoo_period_max
7211,2025-07-13,2025-11-02,2025,2025,yahoo_period_max
8010,2014-01-01,2025-11-02,2014,2025,yahoo_period_max
8012,2014-06-24,2025-11-02,2014,2025,yahoo_period_max
8020,2014-01-01,2025-11-02,2014,2025,yahoo_period_max
8030,2014-01-01,2025-11-02,2014,2025,yahoo_period_max
8040,2014-01-01,2025-11-02,2014,2025,yahoo_period_max
8050,2014-01-01,2025-11-02,2014,2025,yahoo_period_max
8060,2014-01-01,2025-11-02,2014,2025,yahoo_period_max
8070,2014-01-01,2025-11-02,2014,2025,yahoo_period_max
8100,2014-01-01,2025-11-02,2014,2025,yahoo_period_max
8120,2014-01-01,2025-11-02,2014,2025,yahoo_period_max
8150,2014-01-01,2025-11-02,2014,2025,yahoo_period_max
8160,2014-01-01,2025-11-02,2014,2025,yahoo_period_max
8170,2014-01-01,2025-11-02,2014,2025,yahoo_period_max
8180,2014-01-01,2025-11-02,2014,2025,yahoo_period_max
8190,2014-01-01,2025-11-02,2014,2025,yahoo_period_max
8200,2014-01-01,2025-11-02,2014,2025,yahoo_period_max
8210,2014-01-01,2025-11-02,2014,2025,yahoo_period_max
8230,2014-01-01,2025-11-02,2014,2025,yahoo_period_max
8240,2014-01-01,2025-11-02,2014,2025,yahoo_period_max
8250,2014-01-01,2025-11-02,2014,2025,yahoo_period_max
8260,2014-01-01,2025-11-02,2014,2025,yahoo_period_max
8270,2014-01-01,2025-10-28,2014,2025,yahoo_period_max
8280,2014-01-01,2025-11-02,2014,2025,yahoo_period_max
8300,2014-01-01,2025-11-02,2014,2025,yahoo_period_max
8310,2014-01-01,2025-11-02,2014,2025,yahoo_period_max
8311,2014-01-01,2025-11-02,2014,2025,yahoo_period_max
8313,2024-06-11,2025-11-02,2024,2025,yahoo_period_max
9403,2022-02-08,2025-11-02,2022,2025,yahoo_period_max
9404,2020-03-04,2025-11-02,2020,2025,yahoo_period_max
