base_symbol,year,avg_close_price
1010,2010,13.918072289156626
1010,2011,12.339354838709676
1010,2012,11.85406374501992
1010,2013,12.582943548387098
1010,2014,18.63336
1010,2015,15.770039840637452
1010,2016,10.911124497991969
1010,2017,11.0604
1010,2018,15.61032128514056
1010,2019,24.28936
1010,2020,18.88737051613546
1010,2021,25.35783998868
1010,2022,35.00302415491935
1010,2023,29.94397591582329
1020,2010,9.117991967871486
1020,2011,9.295927419354838
1020,2012,13.092948207171316
1020,2013,15.725120967741937
1020,2014,22.0478
1020,2015,17.81454183266932
1020,2016,8.959799196787147
1020,2017,10.79952
1020,2018,13.5970281124498
1020,2019,15.0756
1020,2020,10.33854978113546
1020,2021,13.94956800848
1020,2022,19.399258032862903
1020,2023,14.31800806313253
1030,2010,11.99730923694779
1030,2011,13.26350806451613
1030,2012,12.690677290836652
1030,2013,16.32858870967742
1030,2014,22.092080000000003
1030,2015,19.44745019920319
1030,2016,12.04012048192771
1030,2017,13.69336
1030,2018,17.027871485943773
1030,2019,17.85856
1030,2020,8.912203591079681
1030,2021,10.233997871116
1030,2022,15.159154588790322
1030,2023,13.095261053212852
1050,2010,26.9670281124498
1050,2011,26.28939516129032
1050,2012,25.228326693227093
1050,2013,24.145967741935483
1050,2014,32.3576
1050,2015,33.126932270916335
1050,2016,23.76261044176707
1050,2017,27.61976
1050,2018,31.905261044176708
1050,2019,36.7904
1050,2020,31.48657372422311
1050,2021,37.87200005324
1050,2022,48.178830654516126
1050,2023,38.37289169807229
1060,2010,22.327148594377512
1060,2011,20.689112903225805
1060,2012,21.758446215139443
1060,2013,24.70423387096774
1060,2014,34.59296
1060,2015,32.452988047808766
1060,2016,20.96538152610442
1060,2017,24.3366
1060,2018,31.44734939759036
1060,2019,36.1404
1060,2020,25.29569720059761
1060,2021,29.94152006568
1060,2022,40.36451621197581
1060,2023,35.87650600883534
1080,2010,17.880682730923695
1080,2011,17.044395161290325
1080,2012,16.06035856573705
1080,2013,16.62302419354839
1080,2014,19.76724
1080,2015,20.71685258964144
1080,2016,12.624979919678715
1080,2017,14.66104
1080,2018,20.608072289156627
1080,2019,24.63744
1080,2020,15.629223082868526
1080,2021,16.47725998332
1080,2022,22.683417351008064
1080,2023,19.463584386546188
1120,2010,46.80602409638554
1120,2011,44.142580645161296
1120,2012,43.79717131474104
1120,2013,43.04564516129032
1120,2014,43.31544
1120,2015,38.02378486055777
1120,2016,36.63277108433735
1120,2017,41.73136
1120,2018,53.2566265060241
1120,2019,66.05352
1120,2020,39.29357569721115
1120,2021,69.11125
1120,2022,90.30332657584675
1120,2023,73.78995967369478
1140,2010,7.851084337349397
1140,2011,7.501935483870968
1140,2012,10.891394422310755
1140,2013,14.643790322580644
1140,2014,24.519
1140,2015,21.85091633466136
1140,2016,14.61281124497992
1140,2017,15.13552
1140,2018,18.97441767068273
1140,2019,25.52732
1140,2020,14.445827856374502
1140,2021,22.60800515336
1140,2022,37.77084908169355
1140,2023,32.35566270212851
1150,2010,8.668273092369478
1150,2011,7.315645161290322
1150,2012,9.65792828685259
1150,2013,10.442943548387095
1150,2014,15.01028
1150,2015,15.20808764940239
1150,2016,9.99293172690763
1150,2017,11.91004
1150,2018,15.759277108433734
1150,2019,17.9348
1150,2020,12.81915615625498
1150,2021,16.6199040108
1150,2022,28.258580661572584
1150,2023,26.74136541746988
1180,2014,39.01861111111111
1180,2015,40.17649402390438
1180,2016,26.6559437751004
1180,2017,30.6044
1180,2018,43.76650602409639
1180,2019,51.634800000000006
1180,2020,29.66115534358565
1180,2021,42.08280000316
1180,2022,49.70655227459677
1180,2023,35.89869479321285
1201,2012,31.065446428571427
1201,2013,27.82596774193549
1201,2014,34.86144
1201,2015,40.48625498007968
1201,2016,15.438152610441769
1201,2017,11.56024
1201,2018,10.160803212851404
1201,2019,8.19092
1201,2020,18.85736917187252
1201,2021,38.6572318268
1201,2022,27.56411713951613
1201,2023,17.624558900642572
1202,2015,33.806927710843375
1202,2016,17.628955823293172
1202,2017,17.036240000000003
1202,2018,22.91610441767068
1202,2019,15.99936
1202,2020,11.536494019298804
1202,2021,24.30906003564
1202,2022,40.14007054657258
1202,2023,32.25401607168675
1210,2010,29.9574297188755
1210,2011,25.99516129032258
1210,2012,29.931474103585657
1210,2013,32.23185483870968
1210,2014,37.9582
1210,2015,30.80661354581673
1210,2016,26.389236947791165
1210,2017,22.3142
1210,2018,23.05112449799197
1210,2019,22.17
1210,2020,25.835617528844622
1210,2021,40.25099996936
1210,2022,38.88447586185484
1210,2023,34.66104421678715
1211,2010,17.924417670682733
1211,2011,23.512782258064515
1211,2012,29.055258964143427
1211,2013,28.58814516129032
1211,2014,33.202040000000004
1211,2015,37.571115537848605
1211,2016,34.77120481927711
1211,2017,46.0984
1211,2018,52.78397590361445
1211,2019,49.1914
1211,2020,12.787250685932271
1211,2021,21.34033291568
1211,2022,41.34475748737903
1211,2023,42.64494613293173
1212,2010,35.794337349397594
1212,2011,31.708951612903224
1212,2012,36.76880478087649
1212,2013,40.43834677419356
1212,2014,49.40848
1212,2015,28.29505976095618
1212,2016,15.5885140562249
1212,2017,16.1666
1212,2018,17.314538152610442
1212,2019,15.35464
1212,2020,19.790159381115537
1212,2021,37.17800002268
1212,2022,47.290322488145165
1212,2023,80.690361422249
1213,2010,67.46198113207548
1213,2011,58.712782258064514
1213,2012,65.53733067729084
1213,2013,65.23766129032258
1213,2014,72.48428
1213,2015,55.360796812749
1213,2016,33.22726907630522
1213,2017,29.2668
1213,2018,26.15951807228916
1213,2019,20.828902953586496
1213,2020,51.34564943772908
1213,2021,92.00548675076
1213,2022,22.86270881875
1213,2023,25.286445250120483
1214,2010,34.067828947368426
1214,2011,33.80770161290322
1214,2012,38.39796812749004
1214,2013,42.21782258064516
1214,2014,43.86644
1214,2015,37.958486055776895
1214,2016,20.578875502008035
1214,2017,13.6734
1214,2018,9.955943775100405
1214,2019,8.54536
1214,2020,13.874540579454182
1214,2021,26.3182611312
1214,2022,19.7405190930242
1214,2023,19.923383203574296
1301,2011,27.66190476190476
1301,2012,29.469322709163347
1301,2013,32.476209677419355
1301,2014,43.66896
1301,2015,31.030717131474105
1301,2016,21.864377510040164
1301,2017,19.6614
1301,2018,15.856586345381526
1301,2019,15.18096
1301,2020,34.15407121513944
1301,2021,45.379
1301,2022,36.40337702532258
1301,2023,30.45264054116466
1302,2013,42.31333333333333
1302,2014,56.42328
1302,2015,36.43844621513944
1302,2016,19.79092369477912
1302,2017,18.4122
1302,2018,16.015261044176707
1302,2019,14.17184
1302,2020,16.116254981434263
1302,2021,35.83064003748
1302,2022,34.84838714141129
1302,2023,33.42469871851406
1303,2014,61.47684210526315
1303,2015,50.81940239043825
1303,2016,23.38755020080321
1303,2017,21.78668
1303,2018,20.269558232931725
1303,2019,16.18256
1303,2020,0.69589322912749
1303,2021,1.184059197936
1303,2022,1.0535451585
1303,2023,1.7653076263333334
1304,2016,30.129194630872483
1304,2017,26.13848
1304,2018,19.13124497991968
1304,2019,17.173759999999998
1304,2020,19.847808765816733
1304,2021,43.7048000026
1304,2022,34.957379033467745
1304,2023,24.2144176071486
1320,2010,27.6425702811245
1320,2011,24.179435483870968
1320,2012,25.251792828685257
1320,2013,27.893951612903223
1320,2014,35.274800000000006
1320,2015,26.39689243027889
1320,2016,17.18156626506024
1320,2017,16.72624
1320,2018,19.076425702811243
1320,2019,21.36204
1320,2020,19.720119506494022
1320,2021,29.12707997132
1320,2022,22.677943568225807
1320,2023,27.520401575180724
1810,2012,18.028285714285715
1810,2013,31.70766129032258
1810,2014,63.2006
1810,2015,63.665697211155376
1810,2016,25.992289156626505
1810,2017,22.28448
1810,2018,17.57140562248996
1810,2019,17.912
1810,2020,17.709402399840638
1810,2021,20.26400005356
1810,2022,19.094435507338712
1810,2023,23.9740963439759
1820,2014,81.7783870967742
1820,2015,77.09027888446215
1820,2016,39.037108433734936
1820,2017,30.41384
1820,2018,20.76610441767068
1820,2019,15.41368
1820,2020,3.791952372561753
1820,2021,5.041925217632
1820,2022,2.699016628693548
1820,2023,2.306690770947791
1830,2018,52.35126582278481
1830,2019,73.3612
1830,2020,66.2826692650996
1830,2021,86.26560009952
1830,2022,99.66088716274191
1830,2023,130.64779114867468
1831,2019,93.1051851851852
1831,2020,6.032768638972112
1831,2021,6.442433048256
1831,2022,5.634173075979839
1831,2023,5.729009241453816
2001,2010,14.975301204819276
2001,2011,13.06592741935484
2001,2012,15.159362549800797
2001,2013,13.342137096774191
2001,2014,16.08576
2001,2015,11.539482071713149
2001,2016,6.346867469879518
2001,2017,7.13092
2001,2018,10.412530120481929
2001,2019,8.68144
2001,2020,15.7374431374502
2001,2021,29.00137440464
2001,2022,37.08588723975807
2001,2023,23.409036062088354
2002,2010,16.719277108433737
2002,2011,21.961290322580645
2002,2012,21.86035856573705
2002,2013,21.867540322580645
2002,2014,30.04952
2002,2015,23.54565737051793
2002,2016,16.43281124497992
2002,2017,18.50216
2002,2018,25.59409638554217
2002,2019,24.4858
2010,2010,92.93373493975903
2010,2011,100.54637096774194
2010,2012,94.1593625498008
2010,2013,96.9516129032258
2010,2014,114.59156
2010,2015,89.90262948207172
2010,2016,80.67200803212852
2010,2017,98.51816
2010,2018,118.29698795180724
2010,2019,108.7788
2010,2020,86.5669322829482
2010,2021,117.6571999506
2010,2022,107.04758062616936
2010,2023,87.14779136044176
2020,2010,83.34457831325301
2020,2011,107.0983870967742
2020,2012,111.63346613545816
2020,2013,121.05806451612904
2020,2014,127.93948
2020,2015,107.81011952191236
2020,2016,66.48020080321285
2020,2017,65.21436
2020,2018,70.29220883534136
2020,2019,80.764
2020,2020,76.39521909645418
2020,2021,126.57640011792
2020,2022,158.96774221491935
2020,2023,133.75903666706827
2030,2010,40.54236947791164
2030,2011,45.55564516129032
2030,2012,65.71513944223108
2030,2013,61.15625
2030,2014,71.80176
2030,2015,53.63470119521912
2030,2016,32.771566265060244
2030,2017,33.780480000000004
2030,2018,39.9129718875502
2030,2019,41.1952
2030,2020,56.189641321474106
2030,2021,157.2752001672
2030,2022,107.1149194171371
2030,2023,84.8265062511245
2040,2010,53.92341365461848
2040,2011,57.35419354838709
2040,2012,56.240717131474106
2040,2013,64.06528225806451
2040,2014,83.78544000000001
2040,2015,60.39243027888446
2040,2016,29.28020080321285
2040,2017,23.198400000000003
2040,2018,20.048674698795185
2040,2019,22.9652
2040,2020,22.28225525247012
2040,2021,41.6255419466
2040,2022,35.66467742008064
2040,2023,23.581526139558235
2050,2010,34.0425702811245
2050,2011,27.09133064516129
2050,2012,35.75657370517928
2050,2013,49.41875
2050,2014,72.68636000000001
2050,2015,67.4837450199203
2050,2016,37.049277108433735
2050,2017,42.03744
2050,2018,34.981726907630524
2050,2019,31.4082
2050,2020,42.217529920239045
2050,2021,38.975599990560006
2050,2022,32.76633057278226
2050,2023,34.552409696746984
2060,2010,21.442168674698795
2060,2011,31.15685483870968
2060,2012,32.22390438247012
2060,2013,28.118951612903224
2060,2014,32.43692
2060,2015,19.624701195219124
2060,2016,12.310843373493976
2060,2017,15.4518
2060,2018,18.956184738955823
2060,2019,15.26248
2060,2020,11.525338590912352
2060,2021,19.01767997
2060,2022,17.543790286491934
2060,2023,12.96337351742972
2070,2010,20.714016064257027
2070,2011,25.14318548387097
2070,2012,28.430876494023902
2070,2013,32.410483870967745
2070,2014,45.34551999999999
2070,2015,40.36988047808765
2070,2016,33.282208835341365
2070,2017,34.05632
2070,2018,30.600562248995985
2070,2019,26.73696
2070,2020,31.26505977099601
2070,2021,44.95160000608
2070,2022,31.208185457298388
2070,2023,31.579076438152608
2080,2010,20.49016064257028
2080,2011,18.39435483870968
2080,2012,21.261752988047807
2080,2013,21.48649193548387
2080,2014,30.28436
2080,2015,29.34278884462152
2080,2016,24.8040562248996
2080,2017,32.888760000000005
2080,2018,29.2321686746988
2080,2019,29.7926
2080,2020,29.81693228298805
2080,2021,44.31300009152
2080,2022,50.30262084157258
2080,2023,60.23132514188755
2090,2010,33.665060240963854
2090,2011,29.282661290322583
2090,2012,30.304780876494025
2090,2013,30.12298387096774
2090,2014,33.03268
2090,2015,23.27131474103586
2090,2016,12.626546184738956
2090,2017,12.7738
2090,2018,12.707510040160642
2090,2019,12.19584
2090,2020,18.56976093055777
2090,2021,40.76300003832
2090,2022,33.80096767778225
2090,2023,23.648273023654617
2100,2010,45.96923694779117
2100,2011,52.858790322580646
2100,2012,69.63470119521912
2100,2013,81.99290322580646
2100,2014,126.45452
2100,2015,87.07310756972112
2100,2016,60.41530120481928
2100,2017,57.81324
2100,2018,42.20301204819277
2100,2019,33.17468
2100,2020,26.135244909163347
2100,2021,63.3425049434
2100,2022,43.11041163637097
2100,2023,34.99216864116465
2110,2010,59.98088353413655
2110,2011,44.80923387096775
2110,2012,54.87434262948207
2110,2013,43.816572580645165
2110,2014,41.71592
2110,2015,30.51653386454183
2110,2016,21.192530120481926
2110,2017,19.37676
2110,2018,16.439357429718875
2110,2019,18.26532
2110,2020,99.72250314585658
2110,2021,149.59824966276
2110,2022,68.50719773399194
2110,2023,57.19225692481928
2120,2010,11.398313253012049
2120,2011,12.228709677419356
2120,2012,16.054541832669322
2120,2013,14.036491935483872
2120,2014,21.02036
2120,2015,16.95768924302789
2120,2016,10.371526104417672
2120,2017,12.9314
2120,2018,13.05281124497992
2120,2019,13.27384
2120,2020,12.322708844298806
2120,2021,36.37493221512
2120,2022,33.525872652137096
2120,2023,27.445381532208835
2130,2010,8.783534136546184
2130,2011,12.950201612903228
2130,2012,19.399402390438247
2130,2013,16.82116935483871
2130,2014,20.49208
2130,2015,15.785219123505977
2130,2016,9.70835341365462
2130,2017,10.7616
2130,2018,8.922088353413654
2130,2019,8.16812
2130,2020,9.772509962513944
2130,2021,20.29731998836
2130,2022,15.698306468467743
2130,2023,11.616144524791164
2140,2010,10.746586345381528
2140,2011,10.81189516129032
2140,2012,16.084860557768923
2140,2013,14.181048387096777
2140,2014,17.390919999999998
2140,2015,14.295258964143429
2140,2016,11.70987951807229
2140,2017,13.04856
2140,2018,10.931084337349398
2140,2019,10.4238
2140,2020,13.106693241063743
2140,2021,22.84004002384
2140,2022,18.185645145887097
2140,2023,16.090763057710845
2150,2010,24.838152610441767
2150,2011,32.26895161290322
2150,2012,31.034661354581672
2150,2013,26.76129032258065
2150,2014,36.72424
2150,2015,36.15035856573705
2150,2016,19.624779116465863
2150,2017,20.043560000000003
2150,2018,19.59566265060241
2150,2019,17.79296
2150,2020,20.80589641318725
2150,2021,38.27480007936
2150,2022,38.631653185766126
2150,2023,34.808835362730925
2160,2010,66.7040562248996
2160,2011,56.32717741935484
2160,2012,55.45637450199203
2160,2013,48.16645161290323
2160,2014,57.23604
2160,2015,41.11366533864542
2160,2016,25.9485140562249
2160,2017,22.45896
2160,2018,22.87734939759036
2160,2019,19.1742
2160,2020,60.897354490996015
2160,2021,78.98340916368
2160,2022,41.82338546911291
2160,2023,43.67188756240964
2170,2010,16.49558232931727
2170,2011,19.85403225806452
2170,2012,17.280278884462152
2170,2013,16.855040322580646
2170,2014,24.05152
2170,2015,19.89422310756972
2170,2016,14.067871485943776
2170,2017,21.528920000000003
2170,2018,25.757831325301204
2170,2019,22.39516
2170,2020,34.06330689880478
2170,2021,56.8226000366
2170,2022,58.073185443951616
2170,2023,41.419678730522094
2180,2010,30.13373493975904
2180,2011,31.878225806451614
2180,2012,42.288645418326695
2180,2013,49.13145161290323
2180,2014,59.33136
2180,2015,45.836733067729085
2180,2016,35.63092369477912
2180,2017,34.1142
2180,2018,33.99682730923694
2180,2019,30.7222
2180,2020,43.11195225330677
2180,2021,64.17680001836
2180,2022,46.24092728112903
2180,2023,42.60040163710843
2190,2010,12.242489959839356
2190,2011,11.1
2190,2012,13.043147410358566
2190,2013,12.107862903225806
2190,2014,15.03084
2190,2015,14.412191235059762
2190,2016,11.120642570281124
2190,2017,12.06852
2190,2018,12.918032128514056
2190,2019,14.18312
2190,2020,23.12482066804781
2190,2021,39.5963999782
2190,2022,24.984717707540323
2190,2023,26.647469876947792
2200,2010,22.736546184738955
2200,2011,23.02258064516129
2200,2012,24.847211155378485
2200,2013,23.977217741935487
2200,2014,26.10004
2200,2015,18.421274900398405
2200,2016,12.418714859437753
2200,2017,14.228879999999998
2200,2018,11.43140562248996
2200,2019,10.73628
2200,2020,38.37991981948208
2200,2021,52.89535951164
2200,2022,30.819838269395163
2200,2023,46.547924570120486
2210,2010,54.825220883534136
2210,2011,56.63891129032258
2210,2012,84.0488047808765
2210,2013,69.58165322580645
2210,2014,81.76531999999999
2210,2015,56.82247011952192
2210,2016,32.63
2210,2017,19.24556
2210,2018,24.027751004016064
2210,2019,23.62012
2210,2020,24.68968128135458
2210,2021,39.7607999346
2210,2022,40.87116941314516
2210,2023,33.15582326738956
2220,2010,20.2004016064257
2220,2011,26.019959677419354
2220,2012,28.47948207171315
2220,2013,32.718951612903226
2220,2014,39.48284
2220,2015,32.293306772908366
2220,2016,23.190481927710845
2220,2017,21.97232
2220,2018,18.59538152610442
2220,2019,15.98328
2220,2020,19.11403353930677
2220,2021,33.773720954919995
2220,2022,22.59201606629032
2220,2023,18.850120513855423
2222,2019,36
2230,2010,32.31176706827309
2230,2011,31.986169354838708
2230,2012,29.994900398406376
2230,2013,34.63673387096774
2230,2014,49.87616
2230,2015,49.86629482071714
2230,2016,31.581726907630525
2230,2017,26.15572
2230,2018,24.765381526104417
2230,2019,24.11908
2230,2020,2.667207170286853
2230,2021,3.753399995792
2230,2022,3.1421169321048388
2230,2023,3.688152623497992
2240,2010,43.62670682730924
2240,2011,30.38870967741936
2240,2012,30.01235059760956
2240,2013,40.85383064516129
2240,2014,56.34428
2240,2015,51.02027888446215
2240,2016,27.17734939759036
2240,2017,27.76552
2240,2018,22.550240963855423
2240,2019,17.20872
2240,2020,18.103505993306776
2240,2021,30.53831999948
2240,2022,21.79935479520161
2240,2023,20.297590378353416
2250,2010,20.239759036144576
2250,2011,21.38870967741936
2250,2012,22.269322709163347
2250,2013,25.78991935483871
2250,2014,34.892120000000006
2250,2015,23.00183266932271
2250,2016,13.551566265060242
2250,2017,19.89288
2250,2018,24.91638554216868
2250,2019,23.48764
2250,2020,21.3642231270518
2250,2021,33.64460001372
2250,2022,28.28717737048387
2250,2023,24.030000004738955
2270,2010,41.70481927710844
2270,2011,42.35241935483871
2270,2012,57.7601593625498
2270,2013,81.01915322580645
2270,2014,108.07068
2270,2015,130.70039840637452
2270,2016,132.2101204819277
2270,2017,124.01324
2270,2018,101.4264658634538
2270,2019,117.2896
2270,2020,162.80398425776897
2270,2021,168.0232000128
2270,2022,182.81209693548388
2270,2023,292.8088356240964
2280,2010,22.40024096385542
2280,2011,21.65758064516129
2280,2012,25.88796812749004
2280,2013,29.31072580645161
2280,2014,41.990120000000005
2280,2015,51.41083665338645
2280,2016,44.45176706827309
2280,2017,58.79272
2280,2018,53.20502008032128
2280,2019,52.5546
2280,2020,51.28366526549801
2280,2021,54.37020013436
2280,2022,52.253225772540326
2280,2023,58.46144585064257
2290,2010,40.19116465863454
2290,2011,46.47701612903226
2290,2012,46.64302788844621
2290,2013,57.635282258064514
2290,2014,67.97156
2290,2015,47.265139442231074
2290,2016,41.1359437751004
2290,2017,56.58696
2290,2018,69.40477911646586
2290,2019,61.2196
2290,2020,53.26792830199203
2290,2021,69.354399933
2290,2022,54.89919348657258
2290,2023,42.14457835939759
2300,2010,171.50152610441765
2300,2011,134.2900806451613
2300,2012,131.66828685258963
2300,2013,135.29834677419353
2300,2014,182.58528
2300,2015,111.55661354581672
2300,2016,57.61843373493976
2300,2017,41.256440000000005
2300,2018,37.92574297188755
2300,2019,26.772080000000003
2300,2020,14.599780612545816
2300,2021,35.38216001124
2300,2022,27.15629859137097
2300,2023,29.759692418072287
2310,2010,21.5855421686747
2310,2011,20.558467741935484
2310,2012,19.970717131474103
2310,2013,22.875
2310,2014,32.88196
2310,2015,25.910717131474104
2310,2016,13.670361445783133
2310,2017,16.02684
2310,2018,20.71176706827309
2310,2019,19.09752
2310,2020,15.42852588247012
2310,2021,30.79036009984
2310,2022,46.05181448677419
2310,2023,35.904819281285135
2320,2010,35.81767068273093
2320,2011,26.146370967741937
2320,2012,25.643625498007967
2320,2013,27.440120967741933
2320,2014,36.91612
2320,2015,39.50828685258964
2320,2016,25.77409638554217
2320,2017,27.80188
2320,2018,24.59012048192771
2320,2019,22.6144
2320,2020,16.99096912936255
2320,2021,23.89479963616
2320,2022,17.277042665120966
2320,2023,18.743132242570283
2330,2010,14.770843373493976
2330,2011,19.43536290322581
2330,2012,19.690956175298805
2330,2013,24.015645161290323
2330,2014,35.920120000000004
2330,2015,37.21438247011952
2330,2016,33.84706827309237
2330,2017,41.10472
2330,2018,45.82020080321285
2330,2019,50.36212
2330,2020,43.78585523442231
2330,2021,60.24399896096
2330,2022,54.428964845241936
2330,2023,43.31164658040161
2340,2010,34.266666666666666
2340,2011,26.07379032258065
2340,2012,28.87370517928287
2340,2013,38.51370967741936
2340,2014,42.928160000000005
2340,2015,36.16749003984064
2340,2016,16.96863453815261
2340,2017,13.85188
2340,2018,12.329196787148591
2340,2019,11.41296
2340,2020,12.222908372952192
2340,2021,27.82027990312
2340,2022,21.37302419064516
2340,2023,17.265783195461847
2350,2010,18.476506024096384
2350,2011,17.854233870967743
2350,2012,15.203386454183269
2350,2013,12.235685483870968
2350,2014,15.22116
2350,2015,10.402908366533865
2350,2016,6.390240963855422
2350,2017,8.75132
2350,2018,14.573895582329316
2350,2019,11.97664
2350,2020,9.604860588693226
2350,2021,17.4304000094
2350,2022,16.472983898508065
2350,2023,12.396144587108433
2360,2010,57.26365461847389
2360,2011,57.60544354838709
2360,2012,66.87450199203187
2360,2013,71.63407258064517
2360,2014,94.32484
2360,2015,93.77892430278884
2360,2016,79.16104417670682
2360,2017,53.00932
2360,2018,50.7144578313253
2360,2019,46.8008
2360,2020,52.77649406059761
2360,2021,97.6044002382
2360,2022,57.94233862028226
2360,2023,44.051807296064254
2370,2010,30.17550200803213
2370,2011,20.82040322580645
2370,2012,25.350478087649403
2370,2013,22.62346774193548
2370,2014,25.75156
2370,2015,20.98617529880478
2370,2016,10.916465863453814
2370,2017,11.7622
2370,2018,12.084497991967872
2370,2019,10.25912
2370,2020,10.949760921418326
2370,2021,20.77924006676
2370,2022,14.824758068084678
2370,2023,15.14811245010442
2380,2010,28.47690763052209
2380,2011,24.229435483870965
2380,2012,20.68625498007968
2380,2013,16.892540322580647
2380,2014,28.6732
2380,2015,19.61386454183267
2380,2016,10.783855421686749
2380,2017,12.9752
2380,2018,23.80232931726908
2380,2019,19.97184
2380,2020,10.200384293752988
2380,2021,15.15469940572
2380,2022,16.35945742717742
2380,2023,10.685341371650605
3001,2011,13.956
3001,2012,19.337250996015936
3001,2013,20.64516129032258
3001,2014,25.18876
3001,2015,20.300796812749
3001,2016,11.968915662650604
3001,2017,10.00208
3001,2018,8.728955823293171
3001,2019,9.0688
3002,2012,20.582165605095543
3002,2013,24.95665322580645
3002,2014,29.26388
3002,2015,24.098446215139443
3002,2016,12.339879518072287
3002,2017,10.0044
3002,2018,8.920763052208835
3002,2019,9.01976
3002,2020,12.752749036486057
3002,2021,21.15779996476
3002,2022,15.475161286854838
3002,2023,12.707148590200804
3003,2012,17.120754716981132
3003,2013,22.06370967741936
3003,2014,26.302
3003,2015,21.127609561752987
3003,2016,13.658473895582327
3003,2017,11.67756
3003,2018,10.62401606425703
3003,2019,13.11904
3003,2020,22.48161910123506
3003,2021,27.29768000036
3003,2022,22.713387112419355
3003,2023,20.8940963820482
3004,2013,21.84977578475336
3004,2014,24.85468
3004,2015,20.07342629482072
3004,2016,12.082088353413656
3004,2017,10.25016
3004,2018,9.39269076305221
3004,2019,9.56756
3004,2020,10.87796816892032
3004,2021,15.38047996924
3004,2022,12.420241974879032
3004,2023,11.22899599690763
3005,2014,40.333955223880594
3005,2015,36.48330677290837
3005,2016,20.566144578313253
3005,2017,17.97408
3005,2018,13.978955823293171
3005,2019,15.18336
3005,2020,24.10302789848605
3005,2021,29.8588399508
3005,2022,22.22266127983871
3005,2023,17.041526059196787
3007,2017,50.54013333333333
3007,2018,42.37690763052209
3007,2019,42.7794
3007,2020,36.94103533454183
3007,2021,55.73146601844
3007,2022,45.39381686334677
3007,2023,35.30481932923695
3008,2017,12.80475
3008,2018,21.53413654618474
3008,2019,58.23724
3008,2020,2.590134148111554
3008,2021,3.890208003068
3008,2022,2.66680444678629
3008,2023,2.8630622505341363
3010,2010,30.648995983935745
3010,2011,31.32399193548387
3010,2012,41.95816733067729
3010,2013,50.82963709677419
3010,2014,71.19736
3010,2015,68.1915139442231
3010,2016,45.599718875502006
3010,2017,35.641839999999995
3010,2018,27.581646586345386
3010,2019,28.32428
3010,2020,30.42717133486056
3010,2021,42.3299999846
3010,2022,37.888709775927424
3010,2023,35.306425737951805
3020,2010,33.81004016064257
3020,2011,39.40766129032258
3020,2012,47.97529880478088
3020,2013,50.99858870967742
3020,2014,60.88884
3020,2015,43.776494023904384
3020,2016,24.523815261044177
3020,2017,17.61932
3020,2018,15.32273092369478
3020,2019,18.21856
3020,2020,23.89976089984064
3020,2021,31.05200007624
3020,2022,28.803629059879032
3020,2023,32.40180726429719
3030,2010,45.297590361445785
3030,2011,58.56431451612904
3030,2012,88.04282868525897
3030,2013,101.33266129032258
3030,2014,110.3724
3030,2015,85.18430278884462
3030,2016,60.24935742971888
3030,2017,50.86212
3030,2018,47.7933734939759
3030,2019,64.5766
3030,2020,55.94063750513944
3030,2021,62.85120002772
3030,2022,54.65927413209677
3030,2023,54.45200810566265
3040,2010,68.11847389558233
3040,2011,64.94858870967742
3040,2012,78.74302788844622
3040,2013,83.41229838709677
3040,2014,95.02372
3040,2015,88.31099601593625
3040,2016,60.95787148594378
3040,2017,49.33776
3040,2018,38.731767068273086
3040,2019,47.1696
3040,2020,65.66294835011952
3040,2021,83.75680004911999
3040,2022,76.25927394415324
3040,2023,67.1975904107229
3050,2010,67.24899598393574
3050,2011,69.06350806451613
3050,2012,97.10557768924303
3050,2013,105.62903225806453
3050,2014,112.99244
3050,2015,92.06290836653386
3050,2016,71.12995983935743
3050,2017,55.152440000000006
3050,2018,40.76971887550201
3050,2019,50.4346
3050,2020,62.704780973984064
3050,2021,80.91320022588
3050,2022,60.12963713403226
3050,2023,48.282329360040166
3060,2010,29.331726907630525
3060,2011,35.211693548387096
3060,2012,49.86035856573705
3060,2013,67.1149193548387
3060,2014,71.06072
3060,2015,60.24003984063745
3060,2016,39.97546184738955
3060,2017,31.55844
3060,2018,26.9585140562249
3060,2019,31.3918
3060,2020,32.48816733334662
3060,2021,42.2708000644
3060,2022,38.06673392185484
3060,2023,36.34939756763052
3080,2010,45.63614457831325
3080,2011,47.43850806451613
3080,2012,55.570717131474105
3080,2013,59.01713709677419
3080,2014,60.41464
3080,2015,45.76091633466135
3080,2016,29.628473895582328
3080,2017,26.2366
3080,2018,23.397429718875504
3080,2019,28.9376
3080,2020,33.41163335848606
3080,2021,47.9974000092
3080,2022,44.31693553923387
3080,2023,41.712650635742975
3090,2010,18.4144578313253
3090,2011,21.19435483870968
3090,2012,24.35
3090,2013,27.6508064516129
3090,2014,29.38796
3090,2015,22.656733067729085
3090,2016,13.705060240963856
3090,2017,11.95364
3090,2018,12.950963855421689
3090,2019,13.06304
3090,2020,14.077171302868528
3090,2021,19.9988800124
3090,2022,16.585161313225807
3090,2023,15.183855436024096
3091,2010,11.366888888888887
3091,2011,12.51858870967742
3091,2012,15.739402390438247
3091,2013,15.867459677419356
3091,2014,17.78284
3091,2015,13.00796812749004
3091,2016,7.813293172690763
3091,2017,7.68956
3091,2018,9.250361445783131
3091,2019,8.15216
3091,2020,12.739462765876494
3091,2021,16.50715748672
3091,2022,13.028662720362902
3091,2023,12.455582343052209
4001,2010,16.95160642570281
4001,2011,23.476451612903222
4001,2012,22.18581673306773
4001,2013,27.00540322580645
4001,2014,48.32468
4001,2015,50.8100796812749
4001,2016,44.68381526104418
4001,2017,56.19396
4001,2018,72.30337349397591
4001,2019,75.808
4001,2020,10.969482064737052
4001,2021,12.07639999796
4001,2022,11.420120977645162
4001,2023,13.011967896425702
4002,2010,16.403815261044176
4002,2011,19.28991935483871
4002,2012,24.88072
4002,2013,36.15701612903226
4002,2014,53.1746
4002,2015,65.14601593625498
4002,2016,62.824859437751
4002,2017,75.44972
4002,2018,85.35261044176707
4002,2019,83.6832
4002,2020,51.4543824823506
4002,2021,85.1812000732
4002,2022,106.97298403770162
4002,2023,110.19357428453814
4003,2011,36.821666666666665
4003,2012,42.78693227091634
4003,2013,60.96850806451613
4003,2014,66.34128
4003,2015,48.16266932270917
4003,2016,18.063775100401607
4003,2017,30.543
4003,2018,53.3781124497992
4003,2019,68.3668
4003,2020,50.301450159043824
4003,2021,95.794375
4003,2022,91.8275707
4003,2023,77.41244994032128
4004,2012,41.21
4004,2013,41.1095564516129
4004,2014,65.84060000000001
4004,2015,75.17804780876493
4004,2016,63.07506024096386
4004,2017,81.05904
4004,2018,67.38915662650604
4004,2019,48.80852
4004,2020,42.6419647174502
4004,2021,66.80560017428
4004,2022,120.55201622923389
4004,2023,154.15582342931725
4005,2013,59.9994923857868
4005,2014,66.92268
4005,2015,60.13390438247012
4005,2016,58.39526104417671
4005,2017,46.813480000000006
4005,2018,51.23056224899598
4005,2019,50.3458
4005,2020,47.06812763601594
4005,2021,60.72159994488
4005,2022,68.74435492504031
4005,2023,112.876706932249
4006,2014,61.22188073394496
4006,2015,56.28812749003984
4006,2016,34.728473895582326
4006,2017,28.06704
4006,2018,20.38602409638554
4006,2019,15.89088
4006,2020,23.43784863462152
4006,2021,34.86119989772
4006,2022,24.309233850161288
4006,2023,23.477188737871487
4007,2014,53.182522522522525
4007,2015,56.30239043824701
4007,2016,38.47638554216868
4007,2017,37.54392
4007,2018,31.494859437751003
4007,2019,22.69288
4007,2020,18.380079645378487
4007,2021,26.74800006088
4007,2022,38.55751010693548
4007,2023,52.927108519919685
4008,2015,74.10993710691824
4008,2016,54.09325301204819
4008,2017,67.33492
4008,2018,69.0236546184739
4008,2019,64.1796
4008,2020,47.46593631884462
4008,2021,62.14300018328
4008,2022,39.00665323189516
4008,2023,31.079317177349395
4009,2016,65.15283422459893
4009,2017,68.0172
4009,2018,49.1632530120482
4009,2019,28.59816
4009,2020,31.763745022788846
4009,2021,36.2517999726
4009,2022,32.16330643604839
4009,2023,54.507228951084336
4010,2010,19.684939759036144
4010,2011,19.438911290322583
4010,2012,26.726892430278884
4010,2013,31.291935483870965
4010,2014,36.78912
4010,2015,32.58581673306773
4010,2016,21.93449799196787
4010,2017,20.50004
4010,2018,19.811967871485944
4010,2019,19.45832
4011,2016,24.29239669421488
4011,2017,22.20448
4011,2018,17.36694779116466
4011,2019,15.89784
4011,2020,13.36046359425498
4011,2021,21.250980438040003
4011,2022,16.57661288407258
4011,2023,13.73582325987952
4012,2017,32.73824427480916
4012,2018,27.96734939759036
4012,2019,30.999
4012,2020,3.8603251426095615
4012,2021,6.038144397731999
4012,2022,4.103689516717742
4012,2023,4.55736949264257
4020,2010,12.26004016064257
4020,2011,11.802862903225806
4020,2012,13.58406374501992
4020,2013,15.839758064516127
4020,2014,20.37428
4020,2015,15.969641434262948
4020,2016,9.771044176706829
4020,2017,10.5864
4020,2018,12.942610441767068
4020,2019,12.33032
4020,2020,11.8397026629004
4020,2021,17.96009222
4020,2022,15.316001226814516
4020,2023,13.082811225341365
4030,2010,18.145180722891563
4030,2011,13.630040322580646
4030,2012,16.967
4030,2013,21.34012096774193
4030,2014,34.04048
4030,2015,43.76824701195219
4030,2016,39.1608032128514
4030,2017,34.16992
4030,2018,31.019196787148594
4030,2019,29.87372
4030,2020,19.74512589605578
4030,2021,20.09055961592
4030,2022,17.855832937862903
4030,2023,21.369076135180723
4031,2015,60.9803937007874
4031,2016,46.66016064257028
4031,2017,46.280800000000006
4031,2018,35.8685140562249
4031,2019,30.5568
4031,2020,29.560796874223108
4031,2021,33.88879984264
4031,2022,29.25282261455645
4031,2023,28.608192765261045
4040,2010,7.766666666666667
4040,2011,7.553427419354839
4040,2012,14.874701195219124
4040,2013,18.745967741935484
4040,2014,32.54512
4040,2015,24.41653386454184
4040,2016,12.806827309236947
4040,2017,14.63092
4040,2018,14.86293172690763
4040,2019,14.75856
4040,2020,15.807410357768925
4040,2021,24.26459999852
4040,2022,18.664516114395163
4040,2023,17.744096334618476
4050,2010,9.51265060240964
4050,2011,10.364193548387098
4050,2012,14.257649402390438
4050,2013,16.072217741935482
4050,2014,21.60476
4050,2015,22.57358565737052
4050,2016,13.798072289156623
4050,2017,16.374200000000002
4050,2018,15.846425702811246
4050,2019,19.08648
4050,2020,28.62239049605577
4050,2021,34.13199994672
4050,2022,34.641330650040324
4050,2023,50.57048198594378
4051,2017,28.55861904761905
4051,2018,25.99265060240964
4051,2019,32.004400000000004
4061,2010,390.12024096385545
4061,2011,393.909314516129
4061,2012,561.8101593625498
4061,2013,473.61907258064514
4061,2014,490.7128
4061,2015,349.83386454183267
4061,2016,222.4714859437751
4061,2017,213.8164
4061,2018,161.1389156626506
4061,2019,138.67479999999998
4061,2020,1.0308687657649402
4061,2021,2.019448012348
4061,2022,1.3894352398387098
4061,2023,1.0894618484257028
4070,2010,47.4421686746988
4070,2011,86.18911290322582
4070,2012,157.34860557768926
4070,2013,204.58467741935485
4070,2014,290.84392
4070,2015,141.76764940239045
4070,2016,60.8906827309237
4070,2017,43.857
4070,2018,44.99232931726908
4070,2019,39.3778
4070,2020,51.44643632386455
4070,2021,68.66003918439999
4070,2022,30.417812955
4070,2023,18.906291103654617
4080,2010,14.131124497991967
4080,2011,13.333870967741936
4080,2012,17.809561752988046
4080,2013,18.75
4080,2014,28.64668
4080,2015,25.41239043824701
4080,2016,17.826305220883533
4080,2017,15.78
4080,2018,11.007751004016065
4080,2019,9.02404
4080,2020,11.558486055055775
4080,2021,22.42199998868
4080,2022,16.074032260524195
4080,2023,11.622610406542169
4090,2010,16.09598393574297
4090,2011,16.82177419354839
4090,2012,22.524900398406373
4090,2013,33.963104838709675
4090,2014,43.7354
4090,2015,40.32386454183267
4090,2016,34.441566265060246
4090,2017,40.6554
4090,2018,30.99718875502008
4090,2019,28.615
4090,2020,29.556972138884465
4090,2021,32.87780000284
4090,2022,29.789233923024195
4090,2023,27.892168657911647
4100,2010,29.49518072289157
4100,2011,31.51290322580645
4100,2012,38.91513944223108
4100,2013,56.65685483870968
4100,2014,80.3032
4100,2015,88.72749003984063
4100,2016,86.5963453815261
4100,2017,91.04764
4100,2018,79.94911646586345
4100,2019,73.9112
4100,2020,62.84302789768924
4100,2021,67.8748000792
4100,2022,73.6963713557258
4100,2023,69.23132529502007
4110,2010,9.92710843373494
4110,2011,10.624354838709678
4110,2012,35.58537848605578
4110,2013,36.002177419354844
4110,2014,26.10164
4110,2015,34.44318725099601
4110,2016,32.95064257028112
4110,2017,45.28664
4110,2018,41.44590361445783
4110,2019,33.1106
4110,2020,1.7276786565776892
4110,2021,2.472069046948
4110,2022,2.415516125556452
4110,2023,2.21791966471486
4130,2010,24.58682730923695
4130,2011,24.632943548387097
4130,2012,33.613386454183264
4130,2013,26.23772727272728
4130,2014,22.5
4130,2015,22.5
4130,2016,22.5
4130,2017,23.734240000000003
4130,2018,19.865060240963853
4130,2019,18.53984
4130,2020,0.1579605620119522
4130,2021,0.277607992932
4130,2022,0.1751762664637096
4130,2023,0.1495734942730923
4140,2010,55.92196787148594
4140,2011,54.66931451612904
4140,2012,102.0003187250996
4140,2013,126.41314516129032
4140,2014,119.30148
4140,2015,94.27908366533865
4140,2016,75.25550200803212
4140,2017,58.61056
4140,2018,59.48497991967872
4140,2019,71.11160000000001
4140,2020,27.232144777251
4140,2021,44.02974168376
4140,2022,46.5814437171371
4140,2023,31.19116467562249
4150,2010,7.879718875502008
4150,2011,8.880927419354839
4150,2012,12.913067729083664
4150,2013,13.493669354838708
4150,2014,17.59352
4150,2015,15.65788844621514
4150,2016,14.53714859437751
4150,2017,14.7696
4150,2018,13.534979919678715
4150,2019,14.6994
4150,2020,15.443824722709165
4150,2021,24.33371997068
4150,2022,23.50040314270161
4150,2023,19.83036143128514
4160,2010,28.52469879518072
4160,2011,21.293346774193548
4160,2012,28.787450199203185
4160,2013,35.22701612903226
4160,2014,86.43416
4160,2015,64.13402390438247
4160,2016,30.76068273092369
4160,2017,34.00208
4160,2018,28.55265060240964
4160,2019,21.46252
4160,2020,11.5623951
4160,2021,11.5623951
4160,2022,11.5623951
4160,2023,18.36165991606426
4170,2010,26.37690763052209
4170,2011,23.73024193548387
4170,2012,35.11075697211155
4170,2013,86.95060483870968
4170,2014,69.44136
4170,2015,42.39003984063745
4170,2016,32.41598393574297
4170,2017,29.87996
4170,2018,31.77726907630522
4170,2019,26.55628
4170,2020,0.5066541065976096
4170,2021,0.979138827308
4170,2022,1.4934646722580645
4170,2023,0.7544457840923695
4180,2010,11.640361445783132
4180,2011,10.932056451612905
4180,2012,16.12390438247012
4180,2013,15.556048387096777
4180,2014,21.75736
4180,2015,21.742749003984063
4180,2016,13.693172690763053
4180,2017,12.8176
4180,2018,11.846224899598392
4180,2019,11.02768
4180,2020,2.650980076912351
4180,2021,5.383019988988
4180,2022,3.595846774120968
4180,2023,3.226867462216868
4190,2010,50.36461847389558
4190,2011,56.31447580645161
4190,2012,75.66772908366534
4190,2013,98.01209677419357
4190,2014,145.20496
4190,2015,149.24633466135458
4190,2016,85.05016064257029
4190,2017,104.66412
4190,2018,134.77481927710843
4190,2019,161.6224
4190,2020,15.887729097609562
4190,2021,19.55360003628
4190,2022,17.64870975108871
4190,2023,15.349397563493977
4191,2017,10.398619047619048
4191,2018,8.82714859437751
4191,2019,13.10892
4191,2020,23.93988044733068
4191,2021,49.8865999756
4191,2022,34.100564425604844
4191,2023,29.891164603413657
4200,2010,17.553373493975904
4200,2011,18.26697580645161
4200,2012,18.29402390438247
4200,2013,19.901935483870968
4200,2014,32.953480000000006
4200,2015,38.03147410358566
4200,2016,23.18923694779117
4200,2017,22.46044
4200,2018,23.825220883534136
4200,2019,40.1156
4200,2020,36.96490035474103
4200,2021,48.2073600462
4200,2022,55.44042331935484
4200,2023,84.56325305775101
4210,2010,21.783534136546187
4210,2011,17.675806451612903
4210,2012,24.194621513944224
4210,2013,20.735685483870967
4210,2014,20.04208
4210,2015,20.907131474103583
4210,2016,36.920401606425706
4210,2017,46.09084
4210,2018,88.89072289156627
4210,2019,80.61760000000001
4210,2020,68.54183265434263
4210,2021,131.12400042779998
4210,2022,217.0596776782258
4210,2023,179.21124457429718
4220,2010,8.656425702811244
4220,2011,6.867137096774194
4220,2012,9.771115537848608
4220,2013,10.562903225806451
4220,2014,16.08724
4220,2015,13.226454183266933
4220,2016,13.971927710843373
4220,2017,15.38032
4220,2018,11.355140562248994
4220,2019,9.5872
4220,2020,8.488326701434264
4220,2021,11.41184000402
4220,2022,10.601250025504031
4220,2023,8.302891543618474
4230,2010,26.21
4230,2011,24.22866935483871
4230,2012,21.88107569721116
4230,2013,27.14826612903225
4230,2014,53.7428
4230,2015,33.99143426294821
4230,2016,24.564016064257025
4230,2017,22.288400000000003
4230,2018,17.079598393574297
4230,2019,14.17816
4230,2020,31.14753784689243
4230,2021,53.64091801448
4230,2022,33.55801721516129
4230,2023,24.446827325261044
4240,2010,13.99152610441767
4240,2011,16.337217741935483
4240,2012,28.00577689243028
4240,2013,52.93879032258064
4240,2014,98.2586
4240,2015,90.53685258964144
4240,2016,40.33409638554217
4240,2017,36.23136
4240,2018,25.395823293172693
4240,2019,23.21696
4240,2020,39.11850973330677
4240,2021,38.6539239196
4240,2022,22.22581821491936
4240,2023,17.131244973574297
4250,2010,16.394979919678715
4250,2011,13.074798387096775
4250,2012,18.06573705179283
4250,2013,27.755040322580644
4250,2014,46.48344
4250,2015,67.38254980079681
4250,2016,59.50156626506024
4250,2017,66.69967999999999
4250,2018,43.87710843373494
4250,2019,28.84624
4250,2020,27.75243026625498
4250,2021,30.74499996192
4250,2022,23.69568548657258
4250,2023,22.174056210080323
4260,2010,14.813253012048191
4260,2011,12.087298387096777
4260,2012,16.18617529880478
4260,2013,25.201491935483872
4260,2014,41.62996
4260,2015,39.05501992031872
4260,2016,27.12132530120482
4260,2017,23.88288
4260,2018,30.756506024096385
4260,2019,32.759
4260,2020,32.876812688247014
4260,2021,44.9638000186
4260,2022,47.44657264221774
4260,2023,63.95060239751004
4270,2010,14.082530120481929
4270,2011,13.158064516129032
4270,2012,30.52649402390438
4270,2013,30.521572580645163
4270,2014,25.0744
4270,2015,19.482629482071715
4270,2016,18.469277108433737
4270,2017,18.39924
4270,2018,18.310602409638555
4270,2019,14.116879999999998
4270,2020,16.1708765256494
4270,2021,26.12527994556
4270,2022,18.97887096092742
4270,2023,17.063052234819274
4280,2010,8.912650602409638
4280,2011,8.2125
4280,2012,12.945418326693227
4280,2013,19.467338709677417
4280,2014,23.18016
4280,2015,19.35043824701195
4280,2016,11.48016064257028
4280,2017,10.24204
4280,2018,8.65698795180723
4280,2019,7.81492
4280,2020,7.197490061422311
4280,2021,9.434480041572
4280,2022,9.27516129328226
4280,2023,7.567550209148594
4290,2010,13.39425702811245
4290,2011,16.252056451612905
4290,2012,20.32749003984064
4290,2013,24.219516129032257
4290,2014,45.9716
4290,2015,44.64964143426295
4290,2016,20.207469879518072
4290,2017,16.57288
4290,2018,15.179718875502008
4290,2019,13.36704
4290,2020,14.256877621681276
4290,2021,21.2722489928
4290,2022,16.525080696129034
4290,2023,19.596144553775098
4291,2018,20.200625
4291,2019,24.02636
4291,2020,40.27808766912351
4291,2021,57.0585999906
4291,2022,59.47762098612903
4291,2023,102.1449801626506
4292,2019,30.24855769230769
4292,2020,36.5531872298008
4292,2021,52.992799957280006
4292,2022,57.75725801544355
4292,2023,66.69518091598394
4300,2010,12.051606425702811
4300,2011,7.869959677419355
4300,2012,9.615737051792827
4300,2013,9.372983870967742
4300,2014,12.29168
4300,2015,8.175657370517929
4300,2016,5.480883534136546
4300,2017,7.00708
4300,2018,10.369678714859438
4300,2019,11.02572
4300,2020,8.447729082266934
4300,2021,9.738240016972
4300,2022,12.528951591008065
4300,2023,15.15100402502008
4310,2010,8.389130434782608
4310,2011,7.980846774193548
4310,2012,15.457768924302789
4310,2013,14.89274193548387
4310,2014,21.12904
4310,2015,21.67406374501992
4310,2016,13.833734939759037
4310,2017,15.84572
4310,2018,11.4129718875502
4310,2019,9.54796
4310,2020,10.024223076840638
4310,2021,17.983760067120002
4310,2022,14.516854847862904
4310,2023,13.958955856465863
4320,2016,19.152396694214875
4320,2017,20.43384
4320,2018,18.637751004016064
4320,2019,14.76912
4320,2020,12.878508783944223
4320,2021,19.27336312048
4320,2022,16.845725770887096
4320,2023,19.993172699277107
4321,2019,27.91731543624161
4321,2020,24.70796817605577
4321,2021,23.9711999738
4321,2022,20.816451603790323
4321,2023,20.832208840200803
4330,2016,11.43
4330,2017,11.88692
4330,2018,8.671807228915663
4330,2019,7.913600000000001
4330,2020,8.034860603573705
4330,2021,9.654360023556
4330,2022,10.76032255151613
4330,2023,8.876586324204819
4331,2017,19.35617511520737
4331,2018,14.859357429718877
4331,2019,12.72288
4331,2020,12.72836642509562
4331,2021,25.38067994688
4331,2022,20.012862874637097
4331,2023,18.0506827073494
4332,2017,11.75678787878788
4332,2018,8.544698795180723
4332,2019,7.75808
4332,2021,8.607878843984848
4332,2022,7.669032254487903
4332,2023,7.0428514250763055
4333,2017,13.087342657342658
4333,2018,10.788232931726908
4333,2019,10.40416
4333,2020,11.892749037848606
4333,2021,14.34639995208
4333,2022,12.363064515725808
4333,2023,11.125169463177969
4334,2017,10.13659090909091
4334,2018,7.943734939759036
4334,2019,7.85568
4334,2020,7.647569758756973
4334,2021,9.031559986092
4334,2022,9.021653225298389
4334,2023,8.924698776004016
4335,2017,9.732575757575756
4335,2018,8.587670682730923
4335,2019,8.19684
4335,2020,8.268764820693226
4335,2021,10.151920013492
4335,2022,9.477580662778228
4335,2023,7.030562264935743
4336,2017,9.118536585365854
4336,2018,8.198032128514056
4336,2019,8.51984
4336,2020,8.474183293258964
4336,2021,9.732800026452
4336,2022,9.11419354907258
4336,2023,6.897148599562249
4337,2018,7.846440677966101
4337,2019,7.38776
4337,2020,7.57151393965737
4337,2021,9.50636001028
4337,2022,7.223629017056451
4337,2023,5.247796596067796
4338,2018,8.349016393442623
4338,2019,8.11296
4338,2020,8.808924392071713
4338,2021,11.263639995552
4338,2022,11.36165320105242
4338,2023,9.063413666008032
4339,2018,8.111957671957672
4339,2019,8.9108
4339,2020,9.843346675721117
4339,2021,12.58983998916
4339,2022,11.490080671903224
4339,2023,9.080080327305222
4340,2018,8.480362694300519
4340,2019,8.66536
4340,2020,8.816175479972111
4340,2021,11.21820000444
4340,2022,10.3266936155
4340,2023,9.187349386493976
4342,2018,9.286181818181818
4342,2019,9.35516
4342,2020,11.490517931752986
4342,2021,15.12959999844
4342,2022,13.671209635201611
4342,2023,12.76128515365462
4344,2018,7.907914110429448
4344,2019,8.05476
4344,2020,8.706932440000001
4344,2021,11.215520000324
4344,2022,10.604556437459678
4344,2023,9.1441365515743
4345,2018,8.902626262626264
4345,2019,7.991519999999999
4345,2020,6.673585673183268
4345,2021,7.943160020872
4345,2022,6.007499992822581
4345,2023,4.888634568779117
4346,2018,8.36142857142857
4346,2019,8.363
4346,2021,7.553484866136364
4346,2022,6.195322573177419
4346,2023,4.943253013441767
4347,2018,8.723457943925233
4347,2019,8.861120000000001
4347,2020,8.602948089876493
4347,2021,9.625800037336
4347,2022,9.932620975185484
4347,2023,9.353574277931727
4348,2019,9.872474226804124
4348,2021,9.037878758954545
4348,2022,8.236370976923387
4348,2023,6.722008065614458
5110,2010,12.832530120481929
5110,2011,13.563709677419356
5110,2012,13.547211155378486
5110,2013,13.535887096774196
5110,2014,16.00052
5110,2015,17.251075697211157
5110,2016,17.449437751004016
5110,2017,23.34332
5110,2018,18.915421686746985
5110,2019,18.4176
5110,2020,17.754183222470118
5110,2021,24.666320052800003
5110,2022,25.513427426290324
5110,2023,21.2134940595984
6001,2010,33.662409638554216
6001,2011,33.81931451612903
6001,2012,40.02458167330677
6001,2013,50.26604838709677
6001,2014,69.74252
6001,2015,74.27681274900398
6001,2016,53.96465863453816
6001,2017,46.15748000000001
6001,2018,46.14698795180723
6001,2019,35.652680000000004
6001,2020,46.83753830474103
6001,2021,96.80648873968
6001,2022,72.19274176322581
6001,2023,54.88835330931728
6002,2010,29.683185840707964
6002,2011,35.25967741935484
6002,2012,43.67565737051793
6002,2013,56.04951612903226
6002,2014,70.11676
6002,2015,78.26533864541832
6002,2016,52.47887550200803
6002,2017,53.36928
6002,2018,45.701646586345376
6002,2019,52.2652
6002,2020,49.40537844023904
6002,2021,63.74839997896
6002,2022,47.40806455020161
6002,2023,34.21024098859438
6004,2012,73.91739130434783
6004,2013,112.71875
6004,2014,173.12548
6004,2015,156.0668924302789
6004,2016,96.16907630522088
6004,2017,86.80952
6004,2018,85.36180722891567
6004,2019,86.5152
6004,2020,82.23824699350597
6004,2021,80.74560021996001
6004,2022,79.20564513092741
6004,2023,97.64618480670684
6010,2010,19.332289156626505
6010,2011,18.646572580645163
6010,2012,21.445179282868526
6010,2013,19.3025
6010,2014,31.05028
6010,2015,29.95334661354581
6010,2016,20.64827309236948
6010,2017,28.19816
6010,2018,32.46642570281124
6010,2019,26.0856
6010,2020,12.81735317984462
6010,2021,16.79906725712
6010,2022,14.022541638443547
6010,2023,18.310753875951807
6012,2017,22.66771428571429
6012,2018,14.148995983935745
6012,2019,15.46932
6020,2010,15.113935742971886
6020,2011,17.633306451612906
6020,2012,36.08792828685259
6020,2013,23.80508064516129
6020,2014,27.49264
6020,2015,23.547450199203187
6020,2016,16.11722891566265
6020,2017,13.47524
6020,2018,11.681807228915662
6020,2019,11.02672
6020,2020,14.52011951518725
6020,2021,27.47532004552
6020,2022,22.212016128991937
6020,2023,21.74136539068273
6040,2010,26.614698795180725
6040,2011,30.90439516129032
6040,2012,39.308924302788846
6040,2013,45.40120967741935
6040,2014,47.74836
6040,2015,30.52191235059761
6040,2016,20.44349397590361
6040,2017,23.37868
6040,2018,20.880240963855424
6040,2019,16.75664
6040,2020,16.187077871661355
6040,2021,33.00682891788
6040,2022,22.384798384516127
6040,2023,17.20907631506024
6050,2010,127.15975903614458
6050,2011,147.22975806451615
6050,2012,172.9353386454183
6050,2013,163.63830645161292
6050,2014,194.14112
6050,2015,118.39641434262948
6050,2016,67.14429718875502
6050,2017,59.13624
6050,2018,51.76783132530121
6050,2019,54.1818
6050,2020,32.31787205888446
6050,2021,55.21320004296
6050,2022,37.32862894770162
6050,2023,27.10172689200803
6060,2010,35.37991967871486
6060,2011,45.13508064516129
6060,2012,55.04143426294821
6060,2013,61.037298387096776
6060,2014,80.18332000000001
6060,2015,72.8912749003984
6060,2016,37.82967871485944
6060,2017,41.84464
6060,2018,49.0574297188755
6060,2019,45.3432
6060,2020,27.409529788964143
6060,2021,39.30644688408
6060,2022,29.80693124185484
6060,2023,20.332923104016064
6070,2010,21.5289156626506
6070,2011,23.84012096774193
6070,2012,33.05258964143427
6070,2013,38.729435483870965
6070,2014,47.038
6070,2015,43.14151394422311
6070,2016,27.877510040160644
6070,2017,29.63384
6070,2018,25.83682730923695
6070,2019,22.00224
6070,2020,29.58912352458168
6070,2021,72.94419993612
6070,2022,49.89516127487903
6070,2023,49.316064352088354
6090,2010,13.856626506024098
6090,2011,20.52943548387097
6090,2012,19.43326693227092
6090,2013,16.278024193548386
6090,2014,19.23752
6090,2015,14.6099203187251
6090,2016,11.326666666666668
6090,2017,15.13548
6090,2018,15.86413654618474
6090,2019,12.66968
6090,2020,13.151513927669322
6090,2021,22.82355995924
6090,2022,16.297822544395164
6090,2023,14.182811242931727
7010,2010,40.94979919678715
7010,2011,36.33306451612904
7010,2012,39.55418326693227
7010,2013,43.251612903225805
7010,2014,67.545
7010,2015,65.96788844621513
7010,2016,63.045220883534135
7010,2017,69.68852000000001
7010,2018,82.30502008032128
7010,2019,103.404
7010,2020,38.61960177035857
7010,2021,48.688000030640005
7010,2022,41.67560482052419
7010,2023,39.8341366413253
7020,2010,46.335140562249
7020,2011,47.55060483870968
7020,2012,60.0748
7020,2013,81.09475806451613
7020,2014,83.18404
7020,2015,33.678645418326695
7020,2016,24.864698795180725
7020,2017,18.9144
7020,2018,17.227911646586346
7020,2019,22.352
7020,2020,26.87047810936255
7020,2021,30.83140001668
7020,2022,36.65584673459677
7020,2023,43.32710845236948
7030,2010,32.416626506024095
7030,2011,24.515
7030,2012,25.68167330677291
7030,2013,16.737459677419356
7030,2014,17.957240000000002
7030,2015,10.805179282868526
7030,2016,7.564096385542169
7030,2017,8.52612
7030,2018,6.811726907630522
7030,2019,11.27716
7030,2020,11.930850641011952
7030,2021,13.91207999432
7030,2022,12.320161308346774
7030,2023,13.00040160433735
7040,2010,173.73357429718877
7040,2011,106.91784313725488
7040,2012,105.50864583333332
7040,2013,95.86899193548386
7040,2014,88.49076
7040,2015,44.36163346613546
7040,2016,26.000240963855425
7040,2017,22.28276
7040,2018,12.371044176706826
7040,2019,11.06
7040,2020,8.55044016929482
7040,2021,23.063924900132
7040,2022,15.924042167298389
7040,2023,29.13800860008032
7200,2019,49.351775147929
7200,2020,36.72762229406374
7200,2021,108.8522668162
7200,2022,106.10174760725806
7200,2023,130.2566266341767
7201,2017,13.600714285714286
7201,2018,11.35570281124498
7201,2019,13.2488
8010,2010,35.46473895582329
8010,2011,35.58903225806451
8010,2012,29.425019920318725
8010,2013,25.85
8010,2014,38.18552
8010,2015,67.98430278884463
8010,2016,68.46200803212852
8010,2017,94.33836
8010,2018,67.31281124497991
8010,2019,67.5776
8010,2020,63.38213766270916
8010,2021,68.82
8010,2022,60.87231105266129
8010,2023,104.02188744746988
8012,2013,50.86839622641509
8012,2014,65.62776
8012,2015,47.846892430278885
8012,2016,28.30100401606425
8012,2017,28.49936
8012,2018,21.72248995983936
8012,2019,17.04048
8012,2020,13.534798549808766
8012,2021,19.86442778768
8012,2022,14.495228209959675
8012,2023,15.251753431606426
8020,2010,30.623052208835343
8020,2011,25.42915322580645
8020,2012,36.35350597609562
8020,2013,32.75100806451613
8020,2014,37.468160000000005
8020,2015,43.89370517928287
8020,2016,19.950522088353416
8020,2017,13.4826
8020,2018,14.377269076305222
8020,2019,10.33588
8020,2020,13.388486087071712
8020,2021,27.1940000154
8020,2022,17.80431450947581
8020,2023,17.112048183694778
8030,2010,40.63212851405623
8030,2011,43.203951612903225
8030,2012,45.21123505976096
8030,2013,47.766129032258064
8030,2014,82.79748
8030,2015,83.77430278884462
8030,2016,40.746305220883535
8030,2017,34.95628
8030,2018,17.288112449799197
8030,2019,14.93632
8030,2020,20.235788508645417
8030,2021,20.67749743656
8030,2022,13.206612863564516
8030,2023,11.34698794273494
8040,2010,30.750803212851405
8040,2011,22.289717741935487
8040,2012,71.88705179282869
8040,2013,70.58971774193549
8040,2014,59.28896
8040,2015,46.04916334661355
8040,2016,32.32763052208836
8040,2017,37.62136
8040,2018,29.22076305220884
8040,2019,27.2296
8040,2020,17.59980269374502
8040,2021,26.50988002016
8040,2022,18.378749970725806
8040,2023,16.01269076248996
8050,2010,23.00734939759036
8050,2011,19.3521370967742
8050,2012,27.46167330677291
8050,2013,31.56282258064516
8050,2014,21.75152
8050,2015,15.441235059760956
8050,2016,11.780200803212852
8050,2017,18.3352
8050,2018,21.84261044176707
8050,2019,13.21116
8050,2020,26.042487710278884
8050,2021,39.42750302892
8050,2022,19.322084565387097
8050,2023,14.839368256995984
8060,2010,12.294859437751004
8060,2011,10.153225806451612
8060,2012,15.682310756972113
8060,2013,16.43858870967742
8060,2014,17.16308
8060,2015,11.404581673306774
8060,2016,10.194819277108436
8060,2017,21.26168
8060,2018,22.47887550200803
8060,2019,17.306279999999997
8060,2020,17.25043820756972
8060,2021,22.11619998948
8060,2022,15.58048385939516
8060,2023,16.444658677791164
8070,2010,15.326265060240964
8070,2011,13.126854838709678
8070,2012,24.87
8070,2013,27.05431451612904
8070,2014,30.9808
8070,2015,23.52589641434263
8070,2016,15.686224899598392
8070,2017,32.57736
8070,2018,24.57566265060241
8070,2019,16.5544
8070,2020,13.397273857804782
8070,2021,23.43250218228
8070,2022,19.107580626975807
8070,2023,17.992851372530122
8080,2010,22.713654618473896
8080,2011,19.718145161290323
8080,2012,36.581673306772906
8080,2013,35.70564516129032
8080,2014,40.87548
8080,2015,38.54860557768925
8080,2016,24.24759036144578
8080,2017,26.80716
8080,2018,20.640642570281127
8080,2019,16.37456
8100,2010,18.99887550200804
8100,2011,14.423145161290323
8100,2012,23.784741035856573
8100,2013,25.17383064516129
8100,2014,22.21416
8100,2015,17.952470119521912
8100,2016,13.082168674698796
8100,2017,16.89688
8100,2018,14.076345381526105
8100,2019,10.8128
8100,2020,13.312071716976096
8100,2021,22.2843999328
8100,2022,17.605000019112904
8100,2023,13.09028113429719
8110,2010,50.23799196787149
8110,2011,40.534596774193545
8110,2012,63.02920318725099
8110,2013,126.54790322580644
8110,2014,77.84603375527425
8110,2015,37.65844621513944
8110,2016,29.264899598393573
8110,2017,30.6644
8110,2018,15.478835341365462
8110,2019,9.5
8120,2010,32.869397590361444
8120,2011,24.89149193548387
8120,2012,35.643904382470126
8120,2013,38.235685483870974
8120,2014,38.51664
8120,2015,24.21673306772908
8120,2016,15.279518072289155
8120,2017,17.795720000000003
8120,2018,15.34859437751004
8120,2019,12.40832
8120,2020,12.58833369396016
8120,2021,16.481288677360002
8120,2022,10.603927012391129
8120,2023,11.74457829997992
8150,2010,23.88092369477912
8150,2011,18.10241935483871
8150,2012,30.392396313364053
8150,2013,39.06512096774193
8150,2014,26.54512
8150,2015,25.42972111553785
8150,2016,14.271084337349398
8150,2017,15.24648
8150,2018,18.408072289156625
8150,2019,18.59272
8150,2020,22.482828767051792
8150,2021,28.51302860252
8150,2022,15.576612872298387
8150,2023,13.17959840257028
8160,2010,25.261325301204817
8160,2011,25.135
8160,2012,35.8096812749004
8160,2013,32.823104838709675
8160,2014,24.22528
8160,2015,18.603107569721114
8160,2016,11.406265060240964
8160,2017,14.83612
8160,2018,18.47871485943775
8160,2019,16.442880000000002
8160,2020,13.069376253171315
8160,2021,27.8631932944
8160,2022,20.99639218471774
8160,2023,12.543453848473897
8170,2010,12.593815261044178
8170,2011,13.730887096774197
8170,2012,16.91924302788845
8170,2013,16.542056451612904
8170,2014,21.76168
8170,2015,22.00358565737052
8170,2016,9.45265060240964
8170,2017,13.0752
8170,2018,15.58991967871486
8170,2019,15.41672
8170,2020,13.506645437557768
8170,2021,18.8177279934
8170,2022,14.198556438709677
8170,2023,16.17780721060241
8180,2010,20.442088353413656
8180,2011,10.378225806451614
8180,2012,15.37374501992032
8180,2013,15.88798387096774
8180,2014,23.328560000000003
8180,2015,18.17211155378486
8180,2016,20.88393574297189
8180,2017,19.5246
8180,2018,14.398915662650602
8180,2019,10.7186
8180,2020,31.79009625310757
8180,2021,47.078628447
8180,2022,30.647280759153222
8180,2023,18.62871487180723
8190,2010,20.094457831325304
8190,2011,18.955161290322582
8190,2012,24.649322709163343
8190,2013,22.898683127572017
8190,2014,25.09388
8190,2015,17.777011952191234
8190,2016,13.719236947791163
8190,2017,17.225080000000002
8190,2018,13.37847389558233
8190,2019,9.9278
8190,2020,10.798406386278886
8190,2021,27.7225599668
8190,2022,20.919274168415324
8190,2023,8.961767066477913
8200,2010,12.313373493975904
8200,2011,11.36983870967742
8200,2012,15.923705179282868
8200,2013,13.331451612903225
8200,2014,14.8998
8200,2015,11.823187250996016
8200,2016,7.396746987951807
8200,2017,8.67876
8200,2018,8.190883534136546
8200,2019,8.313799999999999
8200,2020,9.131256352366536
8200,2021,15.88693791576
8200,2022,15.920241928911292
8200,2023,17.475341398473894
8210,2010,7.581646586345381
8210,2011,6.585
8210,2012,8.675776892430278
8210,2013,10.654274193548384
8210,2014,33.904
8210,2015,72.19581673306773
8210,2016,82.38839357429718
8210,2017,78.01404
8210,2018,65.0314859437751
8210,2019,95.7116
8210,2020,88.92175262669323
8210,2021,105.02912002592
8210,2022,132.35871004314515
8210,2023,183.98795180963853
8230,2010,27.54586345381526
8230,2011,25.07040322580645
8230,2012,34.7303187250996
8230,2013,30.86375
8230,2014,27.94916
8230,2015,26.450239043824705
8230,2016,23.01558232931727
8230,2017,51.51236
8230,2018,64.36056224899599
8230,2019,62.5168
8230,2020,27.10629482207172
8230,2021,35.78511988824
8230,2022,34.21887098576613
8230,2023,52.88184736638554
8240,2010,20.413212851405625
8240,2011,18.967298387096776
8240,2012,55.37868525896414
8240,2013,33.43129032258065
8240,2014,33.32364
8240,2015,31.791354581673307
8240,2016,19.506265060240967
8240,2017,23.609240000000003
8240,2018,21.542088353413654
8240,2019,20.95328
8240,2020,16.987011674063748
8240,2021,30.931333168
8240,2022,24.197661272983872
8240,2023,19.519237005180724
8250,2010,12.370722891566263
8250,2011,18.622379032258067
8250,2012,21.67701195219124
8250,2013,22.56479838709677
8250,2014,23.49552
8250,2015,18.88294820717132
8250,2016,13.110923694779116
8250,2017,18.52408
8250,2018,21.25164658634538
8250,2019,22.29432
8250,2020,30.990475498924305
8250,2021,35.49142781052
8250,2022,27.78855538391129
8250,2023,27.89049478738956
8260,2010,34.034909909909906
8260,2011,37.55020161290323
8260,2012,49.61414342629482
8260,2013,47.92116935483871
8260,2014,42.31296
8260,2015,25.92051792828685
8260,2016,14.827791164658636
8260,2017,16.99204
8260,2018,15.446064257028112
8260,2019,11.9296
8260,2020,14.721853905936255
8260,2021,25.98874865692
8260,2022,16.046034562903223
8260,2023,13.106224565381526
8270,2010,15.933963133640551
8270,2011,23.19161290322581
8270,2012,31.08844155844156
8270,2013,25.987016129032256
8270,2014,25.41072
8270,2015,21.07848605577689
8270,2016,15.02530120481928
8270,2017,26.08476
8270,2018,24.521004016064254
8270,2019,20.32412
8270,2020,19.83302783960159
8270,2021,27.32108004
8270,2022,20.29391130342741
8270,2023,18.735341351485943
8280,2010,15.920722891566266
8280,2011,16.604032258064517
8280,2012,29.349482071713147
8280,2013,31.00701612903226
8280,2014,53.31504
8280,2015,63.626892430278886
8280,2016,28.203975903614456
8280,2017,25.58456
8280,2018,29.651847389558235
8280,2019,24.55728
8280,2020,19.15123509059761
8280,2021,27.45876007836
8280,2022,18.36774191141129
8280,2023,15.442088361084338
8300,2010,29.645289855072463
8300,2011,31.376129032258063
8300,2012,62.38581673306773
8300,2013,61.56512096774193
8300,2014,54.25988
8300,2015,48.10844621513944
8300,2016,26.92694779116466
8300,2017,28.82908
8300,2018,26.13449799196787
8300,2019,20.3276
8300,2020,20.818419391693222
8300,2021,31.11669711268
8300,2022,18.459800789596773
8300,2023,17.025702840240964
8310,2010,25.69609022556391
8310,2011,53.538870967741936
8310,2012,174.72629482071713
8310,2013,74.29907258064516
8310,2014,53.08752
8310,2015,21.4200796812749
8310,2016,15.068152610441766
8310,2017,16.1386
8310,2018,14.69690763052209
8310,2019,12.89076
8310,2020,34.452548726175294
8310,2021,58.48856608608
8310,2022,19.07866939032258
8310,2023,11.251084293064258
8311,2012,104.14414285714284
8311,2013,84.12141129032258
8311,2014,83.52148
8311,2015,50.90641434262948
8311,2016,21.35329317269077
8311,2017,19.24072
8311,2018,14.754578313253012
8311,2019,12.12328
8311,2020,24.65963533474104
8311,2021,40.23212447348
8311,2022,21.75221253975404
8311,2023,11.415943762305222
8312,2012,77.02952380952381
8312,2013,63.94020161290322
8312,2014,54.457440000000005
8312,2015,38.90768924302789
8312,2016,27.53558232931727
8312,2017,24.7426
8312,2018,20.61449799196788
8312,2019,13.30416
4340,2024,8.537228940481162
4270,2024,14.478232931420504
1810,2024,25.937630526990777
8230,2024,151.54618476959595
8300,2024,26.404337304662988
4003,2024,94.46425699134429
6004,2024,122.04578338377924
2190,2024,33.367871510455885
4008,2024,35.826505990392235
2080,2024,93.89600003051758
6002,2024,29.130160657277543
6012,2024,57.83195475769043
1050,2024,17.07999982070923
3010,2024,28.716279975891112
8260,2024,12.798072244268823
4031,2024,49.86526100128052
7030,2024,11.71654615440522
4321,2024,21.459076287756005
4140,2024,2.607484000205994
4250,2024,24.7093975802502
3060,2024,27.05650598457061
4348,2024,6.178273061193137
4344,2024,8.251887572338303
2170,2024,41.111646659881714
1831,2024,6.763172682030612
8010,2024,146.04979935611587
4291,2024,181.4232928724174
4007,2024,50.30642566910709
3008,2024,2.765702805844656
2160,2024,33.73567503810408
4070,2024,15.669156694986734
4290,2024,30.583534125822137
3020,2024,32.76606431064835
4347,2024,9.612610460763957
4110,2024,3.144698791235805
4150,2024,24.954079963684084
1202,2024,40.42068274624376
7040,2024,96.11933551160207
2270,2024,360.4867474046577
4020,2024,21.926345319633025
1830,2024,206.6313249212671
8012,2024,17.562891557992224
1301,2024,30.279518142761475
8270,2024,20.646184683803572
4339,2024,6.743012031876897
2040,2024,28.706839981079103
2150,2024,46.39740002441406
7201,2024,7.166827324403816
7020,2024,52.25622494249459
4040,2024,20.11224004364013
4004,2024,164.5196787516276
4160,2024,31.321258361816405
8311,2024,15.6538956002538
8280,2024,18.73566264416798
4006,2024,24.213855391046607
2310,2024,29.31068275635501
8120,2024,17.65606419436903
4130,2024,2.5026350622177125
2300,2024,65.63458139038086
4337,2024,4.355748988356185
4300,2024,13.976867465130296
4335,2024,5.168514042973039
3003,2024,18.555903653064405
2100,2024,42.896385606512965
4320,2024,24.593493940361054
2370,2024,32.78240970626892
4334,2024,9.070562209470204
4090,2024,40.1791165210157
2240,2024,25.992570264272423
4100,2024,84.80685513305664
6020,2024,18.07879528367376
1150,2024,31.446840019226077
4260,2024,84.69397591587051
4190,2024,13.64891565085415
4170,2024,17.10960004043579
2280,2024,57.11365458476974
7200,2024,163.43373512359986
4051,2024,6.655239992141723
2020,2024,117.44979944190824
8210,2024,224.53413648490445
8050,2024,25.838079942756867
4002,2024,112.40562233675917
6050,2024,144.0080616455078
6010,2024,29.1281124942274
4342,2024,11.80610443023314
8190,2024,10.197710868345206
6070,2024,59.958032278650734
4230,2024,40.01232937732375
1820,2024,2.652650599498825
1030,2024,13.16134404373169
3080,2024,34.09156639221682
3007,2024,38.57630512896312
8100,2024,16.574939727783203
8070,2024,20.38072291914239
2210,2024,29.20506021583894
1211,2024,48.061245025879884
8160,2024,14.602570254161176
1020,2024,13.158540802001951
2130,2024,29.578310821533204
1060,2024,36.89799213026422
2030,2024,81.13975895648022
8030,2024,23.41594377004478
1201,2024,12.829798162222868
2222,2024,29.125000076293944
6040,2024,17.442489911274738
3004,2024,9.427469916133038
8250,2024,32.152811096375245
4346,2024,4.530080326110962
4200,2024,124.69499993896484
6060,2024,20.06650604493168
4240,2024,12.481526076075545
2360,2024,44.4361445875053
2330,2024,38.14460003662109
3002,2024,9.550120480089303
1304,2024,34.415261012004564
2060,2024,11.746506013065936
2290,2024,38.68875497412012
4280,2024,8.182208827221729
1302,2024,46.10863451976853
4080,2024,13.590361441953116
2200,2024,11.883813144683838
2050,2024,29.766292030334476
4009,2024,85.23694776052452
5110,2024,17.752610401934888
1303,2024,5.897911646279944
4001,2024,12.134216817986056
8150,2024,16.17614454246429
8200,2024,21.857150272369385
1213,2024,76.47510052110297
8060,2024,23.534027474951078
2070,2024,33.647791230534935
4336,2024,5.725582325793654
4332,2024,6.292650617270106
2090,2024,24.34240963947342
4310,2024,14.798714886707474
2380,2024,8.000843379392203
8310,2024,12.159879550397635
4338,2024,7.897269063206561
4333,2024,11.000445346600614
1180,2024,36.750200953349534
2230,2024,9.080200819605324
4331,2024,16.90971885819033
3050,2024,36.79277099854496
8040,2024,17.393012035323913
2340,2024,16.99373498020402
2010,2024,75.77871498812634
7010,2024,40.21000001525879
4330,2024,7.326867478918359
4012,2024,4.618393574373789
3090,2024,12.749959880568415
2140,2024,18.046838967196912
4220,2024,17.211695503234864
2320,2024,38.11124496766362
2120,2024,37.53192782114788
1210,2024,31.954819192848053
1140,2024,30.55979944610596
8240,2024,28.81905007171631
4061,2024,23.007999931335448
3005,2024,16.5907631111911
2350,2024,8.506465881225095
6001,2024,53.99899598393574
2250,2024,22.366399559021
6090,2024,14.810602410251358
4005,2024,191.91485920488597
3040,2024,56.006024218946095
1080,2024,20.186120048522948
8020,2024,17.54136541282317
8180,2024,22.96233175653052
4191,2024,29.452799987792968
8170,2024,19.00922003173828
4011,2024,14.80867473188653
1212,2024,162.23132550955776
1120,2024,85.85301214624121
4345,2024,4.93437749219228
4050,2024,73.01411431884766
3030,2024,44.06566267511453
4030,2024,21.607712036132813
1320,2024,64.80381515993172
2180,2024,50.143574312508825
1214,2024,27.967845069885254
3091,2024,10.938795170152044
2001,2024,16.977028126697462
4210,2024,250.48995904271385
4180,2024,3.906104437318672
2110,2024,73.30923714695207
1010,2024,27.206747009093505
4292,2024,73.10963841327224
2220,2024,17.777831353336932
